Website Name,participant,session,Originality,User Response,correct,Response Duration,hybrid_score,algo1_score,algo2_score,algo3_score,algo4_score
ups,P-5301,pre,Difficult Fake,Fake,True,2.869802713394165,0.5400905355549765,0.8988608488871557,0.010973611864746532,0.2873788995367653,0.9631487819312383
linkedin,P-5301,pre,Real,Real,True,3.786718606948853,0.5138002403902081,0.9080207263550593,0.0180569902349888,0.16471096476187982,0.9644122802089047
americanexpress,P-5301,pre,Difficult Fake,Fake,True,2.8881678581237797,0.5673661109484304,0.8643417735120829,0.09378232613158714,0.392484996787229,0.9188553473628226
chase,P-5301,pre,Real,Real,True,3.237208843231201,0.7040938715745643,0.8729460616033241,0.824960984883746,0.7016732815980432,0.41679515821314306
amazon,P-5301,pre,Fake,Fake,True,2.8098552227020264,0.5134186655220626,0.922052795023912,0.0032455432234421,0.14639001915511643,0.9819863046857796
twitter,P-5301,pre,Fake,Fake,True,3.44128942489624,0.6205761703983936,0.9533377254730103,0.33718341810424374,0.21466516678850123,0.9771183712278191
americanexpress,P-5301,pre,Real,Real,True,5.4997169971466064,0.5673661109484304,0.8643417735120829,0.09378232613158714,0.392484996787229,0.9188553473628226
walmart,P-5301,pre,Fake,Fake,True,3.603924512863159,0.5162666455693107,0.9612347424909798,0.014021884647266366,0.1134020911408364,0.9764078639981598
ups,P-5301,pre,Real,Real,True,3.977840185165405,0.5400905355549765,0.8988608488871557,0.010973611864746532,0.2873788995367653,0.9631487819312383
linkedin,P-5301,pre,Real,Real,True,2.7982077598571777,0.5138002403902081,0.9080207263550593,0.0180569902349888,0.16471096476187982,0.9644122802089047
instagram,P-5301,pre,Real,Real,True,3.256704807281494,0.5242839895497001,0.916035982244601,0.0064927530142710995,0.19680130861652698,0.9778059143234014
ups,P-5301,pre,Fake,Fake,True,2.575380802154541,0.5400905355549765,0.8988608488871557,0.010973611864746532,0.2873788995367653,0.9631487819312383
skype,P-5301,pre,Real,Real,True,4.001428127288818,0.5140145001012953,0.9655889042896336,0.0312757651350272,0.08690081148767005,0.9722925194928504
ebay,P-5301,pre,Real,Fake,False,4.653948545455933,0.5330837499596305,0.9005510596100494,0.03266517762789,0.24716270666302664,0.9519560559375563
skype,P-5301,pre,Fake,Fake,True,4.335768938064575,0.5140145001012953,0.9655889042896336,0.0312757651350272,0.08690081148767005,0.9722925194928504
netflix,P-5301,pre,Fake,Fake,True,3.845966339111328,0.5130550606137206,0.47926146220162313,0.9971096238993677,0.5711566253327873,0.004692531021104333
paypal,P-5301,pre,Fake,Fake,True,5.24303674697876,0.5031309753907608,0.9902418481681048,0.015572687487858498,0.0220813819720949,0.9846279839349852
twitter,P-5301,pre,Difficult Fake,Real,False,3.941368341445923,0.6205761703983936,0.9533377254730103,0.33718341810424374,0.21466516678850123,0.9771183712278191
walmart,P-5301,pre,Fake,Fake,True,3.4467873573303223,0.5162666455693107,0.9612347424909798,0.014021884647266366,0.1134020911408364,0.9764078639981598
hotels,P-5301,post,Fake,Real,False,3.4613733291625977,0.5024701207678938,0.9419203233432675,0.016601037671892766,0.05584613820718964,0.9955129838492254
instagram,P-5301,post,Difficult Fake,Fake,True,2.875638484954834,0.5242839895497001,0.916035982244601,0.0064927530142710995,0.19680130861652698,0.9778059143234014
americanexpress,P-5301,post,Difficult Fake,Fake,True,3.047216415405273,0.5673661109484304,0.8643417735120829,0.09378232613158714,0.392484996787229,0.9188553473628226
dropbox,P-5301,post,Fake,Fake,True,2.745348691940308,0.570963645453162,0.9322445823156901,0.028693096387216333,0.3863434840710916,0.9365734190386502
facebook,P-5301,post,Difficult Fake,Real,False,2.807538747787476,0.49908667713322474,0.8633932028907103,0.024936751984340335,0.14521536388043557,0.9628013897774131
skype,P-5301,post,Difficult Fake,Fake,True,2.627985954284668,0.5140145001012953,0.9655889042896336,0.0312757651350272,0.08690081148767005,0.9722925194928504
apple,P-5301,post,Fake,Fake,True,3.239948272705078,0.5363093857917739,0.8989634547247899,0.0265051156862389,0.2940935696003628,0.9256754031557038
ups,P-5301,post,Difficult Fake,Fake,True,2.785184383392334,0.5400905355549765,0.8988608488871557,0.010973611864746532,0.2873788995367653,0.9631487819312383
ups,P-5301,post,Fake,Fake,True,2.531569480895996,0.5400905355549765,0.8988608488871557,0.010973611864746532,0.2873788995367653,0.9631487819312383
chase,P-5301,post,Difficult Fake,Fake,True,2.177842140197754,0.7040938715745643,0.8729460616033241,0.824960984883746,0.7016732815980432,0.41679515821314306
bestbuy,P-5301,post,Difficult Fake,Fake,True,2.576416254043579,0.541578858999112,0.8423175908079896,0.13087608746491272,0.3140118366184083,0.8791099211051372
paypal,P-5301,post,Difficult Fake,Fake,True,3.7255687713623047,0.5031309753907608,0.9902418481681048,0.015572687487858498,0.0220813819720949,0.9846279839349852
ebay,P-5301,post,Real,Fake,False,5.607605457305908,0.5330837499596305,0.9005510596100494,0.03266517762789,0.24716270666302664,0.9519560559375563
hotels,P-5301,post,Difficult Fake,Fake,True,4.531712532043457,0.5024701207678938,0.9419203233432675,0.016601037671892766,0.05584613820718964,0.9955129838492254
paypal,P-5301,post,Real,Real,True,2.964911699295044,0.5031309753907608,0.9902418481681048,0.015572687487858498,0.0220813819720949,0.9846279839349852
hotels,P-5301,post,Real,Real,True,2.8278253078460693,0.5024701207678938,0.9419203233432675,0.016601037671892766,0.05584613820718964,0.9955129838492254
americanexpress,P-5301,post,Fake,Fake,True,3.351400136947632,0.5673661109484304,0.8643417735120829,0.09378232613158714,0.392484996787229,0.9188553473628226
linkedin,P-5301,post,Fake,Fake,True,2.831290006637573,0.5138002403902081,0.9080207263550593,0.0180569902349888,0.16471096476187982,0.9644122802089047
americanexpress,P-5301,post,Difficult Fake,Fake,True,2.464275360107422,0.5673661109484304,0.8643417735120829,0.09378232613158714,0.392484996787229,0.9188553473628226
facebook,P-5301,post,Difficult Fake,Real,False,2.3534135818481445,0.49908667713322474,0.8633932028907103,0.024936751984340335,0.14521536388043557,0.9628013897774131
hotels,P-5302,pre,Fake,Real,False,3.4613733291625977,0.5024701207678938,0.9419203233432675,0.016601037671892766,0.05584613820718964,0.9955129838492254
instagram,P-5302,pre,Difficult Fake,Fake,True,2.875638484954834,0.5242839895497001,0.916035982244601,0.0064927530142710995,0.19680130861652698,0.9778059143234014
americanexpress,P-5302,pre,Difficult Fake,Fake,True,3.047216415405273,0.5673661109484304,0.8643417735120829,0.09378232613158714,0.392484996787229,0.9188553473628226
dropbox,P-5302,pre,Fake,Fake,True,2.745348691940308,0.570963645453162,0.9322445823156901,0.028693096387216333,0.3863434840710916,0.9365734190386502
facebook,P-5302,pre,Difficult Fake,Real,False,2.807538747787476,0.49908667713322474,0.8633932028907103,0.024936751984340335,0.14521536388043557,0.9628013897774131
skype,P-5302,pre,Difficult Fake,Fake,True,2.627985954284668,0.5140145001012953,0.9655889042896336,0.0312757651350272,0.08690081148767005,0.9722925194928504
apple,P-5302,pre,Fake,Fake,True,3.239948272705078,0.5363093857917739,0.8989634547247899,0.0265051156862389,0.2940935696003628,0.9256754031557038
ups,P-5302,pre,Difficult Fake,Fake,True,2.785184383392334,0.5400905355549765,0.8988608488871557,0.010973611864746532,0.2873788995367653,0.9631487819312383
ups,P-5302,pre,Fake,Fake,True,2.531569480895996,0.5400905355549765,0.8988608488871557,0.010973611864746532,0.2873788995367653,0.9631487819312383
chase,P-5302,pre,Difficult Fake,Fake,True,2.177842140197754,0.7040938715745643,0.8729460616033241,0.824960984883746,0.7016732815980432,0.41679515821314306
bestbuy,P-5302,pre,Difficult Fake,Fake,True,2.576416254043579,0.541578858999112,0.8423175908079896,0.13087608746491272,0.3140118366184083,0.8791099211051372
paypal,P-5302,pre,Difficult Fake,Fake,True,3.7255687713623047,0.5031309753907608,0.9902418481681048,0.015572687487858498,0.0220813819720949,0.9846279839349852
ebay,P-5302,pre,Real,Fake,False,5.607605457305908,0.5330837499596305,0.9005510596100494,0.03266517762789,0.24716270666302664,0.9519560559375563
hotels,P-5302,pre,Difficult Fake,Fake,True,4.531712532043457,0.5024701207678938,0.9419203233432675,0.016601037671892766,0.05584613820718964,0.9955129838492254
paypal,P-5302,pre,Real,Real,True,2.964911699295044,0.5031309753907608,0.9902418481681048,0.015572687487858498,0.0220813819720949,0.9846279839349852
hotels,P-5302,pre,Real,Real,True,2.8278253078460693,0.5024701207678938,0.9419203233432675,0.016601037671892766,0.05584613820718964,0.9955129838492254
americanexpress,P-5302,pre,Fake,Fake,True,3.351400136947632,0.5673661109484304,0.8643417735120829,0.09378232613158714,0.392484996787229,0.9188553473628226
linkedin,P-5302,pre,Fake,Fake,True,2.831290006637573,0.5138002403902081,0.9080207263550593,0.0180569902349888,0.16471096476187982,0.9644122802089047
americanexpress,P-5302,pre,Difficult Fake,Fake,True,2.464275360107422,0.5673661109484304,0.8643417735120829,0.09378232613158714,0.392484996787229,0.9188553473628226
facebook,P-5302,pre,Difficult Fake,Real,False,2.3534135818481445,0.49908667713322474,0.8633932028907103,0.024936751984340335,0.14521536388043557,0.9628013897774131
instagram,P-5302,post,Real,Fake,False,4.413736581802368,0.5242839895497001,0.916035982244601,0.0064927530142710995,0.19680130861652698,0.9778059143234014
walmart,P-5302,post,Fake,Real,False,2.624481678009033,0.5162666455693107,0.9612347424909798,0.014021884647266366,0.1134020911408364,0.9764078639981598
chase,P-5302,post,Real,Real,True,3.1486716270446777,0.7040938715745643,0.8729460616033241,0.824960984883746,0.7016732815980432,0.41679515821314306
facebook,P-5302,post,Fake,Fake,True,2.761155605316162,0.49908667713322474,0.8633932028907103,0.024936751984340335,0.14521536388043557,0.9628013897774131
netflix,P-5302,post,Fake,Real,False,2.0452163219451904,0.5130550606137206,0.47926146220162313,0.9971096238993677,0.5711566253327873,0.004692531021104333
skype,P-5302,post,Real,Real,True,3.338395357131958,0.5140145001012953,0.9655889042896336,0.0312757651350272,0.08690081148767005,0.9722925194928504
linkedin,P-5302,post,Real,Fake,False,1.239042043685913,0.5138002403902081,0.9080207263550593,0.0180569902349888,0.16471096476187982,0.9644122802089047
skype,P-5302,post,Fake,Real,False,2.86789608001709,0.5140145001012953,0.9655889042896336,0.0312757651350272,0.08690081148767005,0.9722925194928504
instagram,P-5302,post,Fake,Real,False,1.827650785446167,0.5242839895497001,0.916035982244601,0.0064927530142710995,0.19680130861652698,0.9778059143234014
ebay,P-5302,post,Fake,Real,False,2.650395154953003,0.5330837499596305,0.9005510596100494,0.03266517762789,0.24716270666302664,0.9519560559375563
twitter,P-5302,post,Real,Real,True,2.653883934020996,0.6205761703983936,0.9533377254730103,0.33718341810424374,0.21466516678850123,0.9771183712278191
dropbox,P-5302,post,Real,Real,True,2.133689641952514,0.570963645453162,0.9322445823156901,0.028693096387216333,0.3863434840710916,0.9365734190386502
twitter,P-5302,post,Real,Real,True,1.9513335227966309,0.6205761703983936,0.9533377254730103,0.33718341810424374,0.21466516678850123,0.9771183712278191
bestbuy,P-5302,post,Real,Real,True,2.12734055519104,0.541578858999112,0.8423175908079896,0.13087608746491272,0.3140118366184083,0.8791099211051372
walmart,P-5302,post,Real,Real,True,1.8090388774871824,0.5162666455693107,0.9612347424909798,0.014021884647266366,0.1134020911408364,0.9764078639981598
facebook,P-5302,post,Real,Real,True,2.215080976486206,0.49908667713322474,0.8633932028907103,0.024936751984340335,0.14521536388043557,0.9628013897774131
netflix,P-5302,post,Real,Real,True,2.534320592880249,0.5130550606137206,0.47926146220162313,0.9971096238993677,0.5711566253327873,0.004692531021104333
bestbuy,P-5302,post,Fake,Real,False,2.2220664024353027,0.541578858999112,0.8423175908079896,0.13087608746491272,0.3140118366184083,0.8791099211051372
instagram,P-5302,post,Fake,Real,False,2.137251138687134,0.5242839895497001,0.916035982244601,0.0064927530142710995,0.19680130861652698,0.9778059143234014
amazon,P-5302,post,Fake,Real,False,2.544443130493164,0.5134186655220626,0.922052795023912,0.0032455432234421,0.14639001915511643,0.9819863046857796
macys,P-5303,pre,Difficult Fake,Fake,True,3.549515008926392,0.538417858578497,0.9057703520819028,0.006236204807042833,0.2791750789128578,0.9624897985121845
apple,P-5303,pre,Fake,Fake,True,3.3427419662475586,0.5363093857917739,0.8989634547247899,0.0265051156862389,0.2940935696003628,0.9256754031557038
chase,P-5303,pre,Fake,Fake,True,2.328883647918701,0.7040938715745643,0.8729460616033241,0.824960984883746,0.7016732815980432,0.41679515821314306
linkedin,P-5303,pre,Fake,Fake,True,3.6062610149383545,0.5138002403902081,0.9080207263550593,0.0180569902349888,0.16471096476187982,0.9644122802089047
walmart,P-5303,pre,Difficult Fake,Fake,True,3.3813483715057373,0.5162666455693107,0.9612347424909798,0.014021884647266366,0.1134020911408364,0.9764078639981598
twitter,P-5303,pre,Difficult Fake,Fake,True,4.288456678390503,0.6205761703983936,0.9533377254730103,0.33718341810424374,0.21466516678850123,0.9771183712278191
chase,P-5303,pre,Real,Real,True,3.326298475265503,0.7040938715745643,0.8729460616033241,0.824960984883746,0.7016732815980432,0.41679515821314306
dropbox,P-5303,pre,Difficult Fake,Fake,True,2.327333211898804,0.570963645453162,0.9322445823156901,0.028693096387216333,0.3863434840710916,0.9365734190386502
dropbox,P-5303,pre,Fake,Fake,True,4.025750637054443,0.570963645453162,0.9322445823156901,0.028693096387216333,0.3863434840710916,0.9365734190386502
hotels,P-5303,pre,Real,Real,True,3.5954244136810303,0.5024701207678938,0.9419203233432675,0.016601037671892766,0.05584613820718964,0.9955129838492254
paypal,P-5303,pre,Real,Real,True,1.9533360004425049,0.5031309753907608,0.9902418481681048,0.015572687487858498,0.0220813819720949,0.9846279839349852
walmart,P-5303,pre,Difficult Fake,Fake,True,2.124541044235229,0.5162666455693107,0.9612347424909798,0.014021884647266366,0.1134020911408364,0.9764078639981598
instagram,P-5303,pre,Difficult Fake,Real,False,3.3935790061950684,0.5242839895497001,0.916035982244601,0.0064927530142710995,0.19680130861652698,0.9778059143234014
bestbuy,P-5303,pre,Real,Real,True,2.3294262886047363,0.541578858999112,0.8423175908079896,0.13087608746491272,0.3140118366184083,0.8791099211051372
chase,P-5303,pre,Real,Real,True,2.055368661880493,0.7040938715745643,0.8729460616033241,0.824960984883746,0.7016732815980432,0.41679515821314306
dropbox,P-5303,pre,Real,Real,True,2.7664594650268555,0.570963645453162,0.9322445823156901,0.028693096387216333,0.3863434840710916,0.9365734190386502
macys,P-5303,pre,Real,Real,True,2.2387449741363525,0.538417858578497,0.9057703520819028,0.006236204807042833,0.2791750789128578,0.9624897985121845
chase,P-5303,pre,Difficult Fake,Fake,True,2.3742806911468506,0.7040938715745643,0.8729460616033241,0.824960984883746,0.7016732815980432,0.41679515821314306
paypal,P-5303,post,Fake,Real,False,3.2229299545288086,0.5031309753907608,0.9902418481681048,0.015572687487858498,0.0220813819720949,0.9846279839349852
instagram,P-5303,post,Fake,Real,False,2.5483455657958984,0.5242839895497001,0.916035982244601,0.0064927530142710995,0.19680130861652698,0.9778059143234014
americanexpress,P-5303,post,Difficult Fake,Real,False,2.732465505599976,0.5673661109484304,0.8643417735120829,0.09378232613158714,0.392484996787229,0.9188553473628226
apple,P-5303,post,Difficult Fake,Fake,True,4.883957624435425,0.5363093857917739,0.8989634547247899,0.0265051156862389,0.2940935696003628,0.9256754031557038
hotels,P-5303,post,Difficult Fake,Real,False,3.713354349136353,0.5024701207678938,0.9419203233432675,0.016601037671892766,0.05584613820718964,0.9955129838492254
wellsfargo,P-5303,post,Difficult Fake,Real,False,2.5978634357452397,0.5492560496276766,0.19612107178083335,0.6586137082568101,0.8719596288923929,0.47032978958066995
americanexpress,P-5303,post,Difficult Fake,Real,False,3.767425060272217,0.5673661109484304,0.8643417735120829,0.09378232613158714,0.392484996787229,0.9188553473628226
ups,P-5303,post,Difficult Fake,Fake,True,3.452605724334717,0.5400905355549765,0.8988608488871557,0.010973611864746532,0.2873788995367653,0.9631487819312383
wellsfargo,P-5303,post,Fake,Real,False,4.134915351867676,0.5492560496276766,0.19612107178083335,0.6586137082568101,0.8719596288923929,0.47032978958066995
walmart,P-5303,post,Fake,Fake,True,2.807846546173096,0.5162666455693107,0.9612347424909798,0.014021884647266366,0.1134020911408364,0.9764078639981598
ups,P-5303,post,Real,Real,True,2.585648775100708,0.5400905355549765,0.8988608488871557,0.010973611864746532,0.2873788995367653,0.9631487819312383
facebook,P-5303,post,Fake,Real,False,3.0044426918029785,0.49908667713322474,0.8633932028907103,0.024936751984340335,0.14521536388043557,0.9628013897774131
macys,P-5303,post,Fake,Real,False,5.254590272903442,0.538417858578497,0.9057703520819028,0.006236204807042833,0.2791750789128578,0.9624897985121845
walmart,P-5303,post,Real,Real,True,3.306203603744507,0.5162666455693107,0.9612347424909798,0.014021884647266366,0.1134020911408364,0.9764078639981598
bestbuy,P-5303,post,Fake,Real,False,2.808023691177368,0.541578858999112,0.8423175908079896,0.13087608746491272,0.3140118366184083,0.8791099211051372
hotels,P-5303,post,Fake,Real,False,2.543398380279541,0.5024701207678938,0.9419203233432675,0.016601037671892766,0.05584613820718964,0.9955129838492254
wellsfargo,P-5303,post,Real,Fake,False,3.2643675804138184,0.5492560496276766,0.19612107178083335,0.6586137082568101,0.8719596288923929,0.47032978958066995
wellsfargo,P-5303,post,Difficult Fake,Fake,True,3.9742584228515625,0.5492560496276766,0.19612107178083335,0.6586137082568101,0.8719596288923929,0.47032978958066995
twitter,P-5303,post,Real,Real,True,2.834657669067383,0.6205761703983936,0.9533377254730103,0.33718341810424374,0.21466516678850123,0.9771183712278191
netflix,P-5304,pre,Fake,Real,False,2.9855000972747803,0.5130550606137206,0.47926146220162313,0.9971096238993677,0.5711566253327873,0.004692531021104333
apple,P-5304,pre,Real,Real,True,2.708400249481201,0.5363093857917739,0.8989634547247899,0.0265051156862389,0.2940935696003628,0.9256754031557038
amazon,P-5304,pre,Difficult Fake,Fake,True,2.283442974090576,0.5134186655220626,0.922052795023912,0.0032455432234421,0.14639001915511643,0.9819863046857796
apple,P-5304,pre,Difficult Fake,Fake,True,4.079680919647217,0.5363093857917739,0.8989634547247899,0.0265051156862389,0.2940935696003628,0.9256754031557038
ups,P-5304,pre,Real,Real,True,3.24187970161438,0.5400905355549765,0.8988608488871557,0.010973611864746532,0.2873788995367653,0.9631487819312383
apple,P-5304,pre,Real,Real,True,3.8912200927734375,0.5363093857917739,0.8989634547247899,0.0265051156862389,0.2940935696003628,0.9256754031557038
macys,P-5304,pre,Real,Real,True,2.794984817504883,0.538417858578497,0.9057703520819028,0.006236204807042833,0.2791750789128578,0.9624897985121845
ebay,P-5304,pre,Fake,Real,False,3.4561800956726074,0.5330837499596305,0.9005510596100494,0.03266517762789,0.24716270666302664,0.9519560559375563
apple,P-5304,pre,Real,Real,True,2.4700558185577397,0.5363093857917739,0.8989634547247899,0.0265051156862389,0.2940935696003628,0.9256754031557038
netflix,P-5304,pre,Fake,Real,False,2.067897081375122,0.5130550606137206,0.47926146220162313,0.9971096238993677,0.5711566253327873,0.004692531021104333
twitter,P-5304,pre,Difficult Fake,Fake,True,5.394275903701782,0.6205761703983936,0.9533377254730103,0.33718341810424374,0.21466516678850123,0.9771183712278191
facebook,P-5304,pre,Difficult Fake,Real,False,4.711698532104492,0.49908667713322474,0.8633932028907103,0.024936751984340335,0.14521536388043557,0.9628013897774131
paypal,P-5304,pre,Real,Real,True,2.660162925720215,0.5031309753907608,0.9902418481681048,0.015572687487858498,0.0220813819720949,0.9846279839349852
hotels,P-5304,pre,Fake,Fake,True,3.2024686336517334,0.5024701207678938,0.9419203233432675,0.016601037671892766,0.05584613820718964,0.9955129838492254
ups,P-5304,pre,Real,Real,True,3.271791458129883,0.5400905355549765,0.8988608488871557,0.010973611864746532,0.2873788995367653,0.9631487819312383
linkedin,P-5304,pre,Real,Real,True,3.4655447006225586,0.5138002403902081,0.9080207263550593,0.0180569902349888,0.16471096476187982,0.9644122802089047
apple,P-5304,pre,Difficult Fake,Fake,True,4.771646499633789,0.5363093857917739,0.8989634547247899,0.0265051156862389,0.2940935696003628,0.9256754031557038
bestbuy,P-5304,pre,Fake,Fake,True,3.910138368606568,0.541578858999112,0.8423175908079896,0.13087608746491272,0.3140118366184083,0.8791099211051372
chase,P-5304,pre,Fake,Fake,True,2.9395751953125,0.7040938715745643,0.8729460616033241,0.824960984883746,0.7016732815980432,0.41679515821314306
wellsfargo,P-5304,post,Real,Fake,False,4.745049953460693,0.5492560496276766,0.19612107178083335,0.6586137082568101,0.8719596288923929,0.47032978958066995
walmart,P-5304,post,Difficult Fake,Real,False,2.865253448486328,0.5162666455693107,0.9612347424909798,0.014021884647266366,0.1134020911408364,0.9764078639981598
skype,P-5304,post,Difficult Fake,Real,False,1.5490946769714355,0.5140145001012953,0.9655889042896336,0.0312757651350272,0.08690081148767005,0.9722925194928504
twitter,P-5304,post,Fake,Real,False,1.1089248657226562,0.6205761703983936,0.9533377254730103,0.33718341810424374,0.21466516678850123,0.9771183712278191
hotels,P-5304,post,Real,Real,True,1.099858283996582,0.5024701207678938,0.9419203233432675,0.016601037671892766,0.05584613820718964,0.9955129838492254
ebay,P-5304,post,Real,Real,True,1.3613770008087158,0.5330837499596305,0.9005510596100494,0.03266517762789,0.24716270666302664,0.9519560559375563
netflix,P-5304,post,Real,Real,True,1.1172456741333008,0.5130550606137206,0.47926146220162313,0.9971096238993677,0.5711566253327873,0.004692531021104333
paypal,P-5304,post,Fake,Real,False,1.584195613861084,0.5031309753907608,0.9902418481681048,0.015572687487858498,0.0220813819720949,0.9846279839349852
paypal,P-5304,post,Difficult Fake,Real,False,1.840801477432251,0.5031309753907608,0.9902418481681048,0.015572687487858498,0.0220813819720949,0.9846279839349852
paypal,P-5304,post,Difficult Fake,Real,False,1.643093824386597,0.5031309753907608,0.9902418481681048,0.015572687487858498,0.0220813819720949,0.9846279839349852
ups,P-5304,post,Fake,Real,False,2.34083890914917,0.5400905355549765,0.8988608488871557,0.010973611864746532,0.2873788995367653,0.9631487819312383
americanexpress,P-5304,post,Difficult Fake,Real,False,2.241102457046509,0.5673661109484304,0.8643417735120829,0.09378232613158714,0.392484996787229,0.9188553473628226
skype,P-5304,post,Fake,Real,False,1.895909547805786,0.5140145001012953,0.9655889042896336,0.0312757651350272,0.08690081148767005,0.9722925194928504
ups,P-5304,post,Difficult Fake,Real,False,1.1977136135101318,0.5400905355549765,0.8988608488871557,0.010973611864746532,0.2873788995367653,0.9631487819312383
wellsfargo,P-5304,post,Difficult Fake,Real,False,1.6541297435760498,0.5492560496276766,0.19612107178083335,0.6586137082568101,0.8719596288923929,0.47032978958066995
amazon,P-5304,post,Real,Real,True,2.7719428539276123,0.5134186655220626,0.922052795023912,0.0032455432234421,0.14639001915511643,0.9819863046857796
walmart,P-5304,post,Difficult Fake,Real,False,1.0535075664520264,0.5162666455693107,0.9612347424909798,0.014021884647266366,0.1134020911408364,0.9764078639981598
amazon,P-5304,post,Real,Real,True,1.0688323974609375,0.5134186655220626,0.922052795023912,0.0032455432234421,0.14639001915511643,0.9819863046857796
facebook,P-5304,post,Real,Real,True,1.0601794719696045,0.49908667713322474,0.8633932028907103,0.024936751984340335,0.14521536388043557,0.9628013897774131
netflix,P-5304,post,Real,Real,True,1.0923662185668943,0.5130550606137206,0.47926146220162313,0.9971096238993677,0.5711566253327873,0.004692531021104333
ups,P-5305,pre,Difficult Fake,Fake,True,3.1854772567749023,0.5400905355549765,0.8988608488871557,0.010973611864746532,0.2873788995367653,0.9631487819312383
macys,P-5305,pre,Real,Real,True,3.302618980407715,0.538417858578497,0.9057703520819028,0.006236204807042833,0.2791750789128578,0.9624897985121845
paypal,P-5305,pre,Difficult Fake,Fake,True,2.441797971725464,0.5031309753907608,0.9902418481681048,0.015572687487858498,0.0220813819720949,0.9846279839349852
paypal,P-5305,pre,Real,Real,True,2.2919933795928955,0.5031309753907608,0.9902418481681048,0.015572687487858498,0.0220813819720949,0.9846279839349852
walmart,P-5305,pre,Difficult Fake,Fake,True,2.5444161891937256,0.5162666455693107,0.9612347424909798,0.014021884647266366,0.1134020911408364,0.9764078639981598
linkedin,P-5305,pre,Difficult Fake,Fake,True,3.405566930770874,0.5138002403902081,0.9080207263550593,0.0180569902349888,0.16471096476187982,0.9644122802089047
wellsfargo,P-5305,pre,Fake,Fake,True,3.7575137615203857,0.5492560496276766,0.19612107178083335,0.6586137082568101,0.8719596288923929,0.47032978958066995
amazon,P-5305,pre,Fake,Fake,True,2.5006308555603027,0.5134186655220626,0.922052795023912,0.0032455432234421,0.14639001915511643,0.9819863046857796
americanexpress,P-5305,pre,Fake,Fake,True,3.1173789501190186,0.5673661109484304,0.8643417735120829,0.09378232613158714,0.392484996787229,0.9188553473628226
instagram,P-5305,pre,Fake,Fake,True,3.297861337661743,0.5242839895497001,0.916035982244601,0.0064927530142710995,0.19680130861652698,0.9778059143234014
instagram,P-5305,pre,Fake,Fake,True,3.072787046432495,0.5242839895497001,0.916035982244601,0.0064927530142710995,0.19680130861652698,0.9778059143234014
walmart,P-5305,pre,Real,Real,True,3.5512681007385254,0.5162666455693107,0.9612347424909798,0.014021884647266366,0.1134020911408364,0.9764078639981598
amazon,P-5305,pre,Real,Real,True,3.066157817840576,0.5134186655220626,0.922052795023912,0.0032455432234421,0.14639001915511643,0.9819863046857796
netflix,P-5305,pre,Real,Real,True,2.166731119155884,0.5130550606137206,0.47926146220162313,0.9971096238993677,0.5711566253327873,0.004692531021104333
ebay,P-5305,pre,Fake,Real,False,4.780587673187256,0.5330837499596305,0.9005510596100494,0.03266517762789,0.24716270666302664,0.9519560559375563
twitter,P-5305,pre,Real,Real,True,2.891416072845459,0.6205761703983936,0.9533377254730103,0.33718341810424374,0.21466516678850123,0.9771183712278191
ups,P-5305,pre,Real,Real,True,3.0280449390411377,0.5400905355549765,0.8988608488871557,0.010973611864746532,0.2873788995367653,0.9631487819312383
hotels,P-5305,pre,Fake,Fake,True,3.762253522872925,0.5024701207678938,0.9419203233432675,0.016601037671892766,0.05584613820718964,0.9955129838492254
dropbox,P-5305,pre,Fake,Fake,True,2.783825159072876,0.570963645453162,0.9322445823156901,0.028693096387216333,0.3863434840710916,0.9365734190386502
macys,P-5305,post,Difficult Fake,Real,False,3.0929317474365234,0.538417858578497,0.9057703520819028,0.006236204807042833,0.2791750789128578,0.9624897985121845
macys,P-5305,post,Fake,Real,False,2.1507210731506348,0.538417858578497,0.9057703520819028,0.006236204807042833,0.2791750789128578,0.9624897985121845
facebook,P-5305,post,Real,Real,True,1.7485601902008057,0.49908667713322474,0.8633932028907103,0.024936751984340335,0.14521536388043557,0.9628013897774131
skype,P-5305,post,Difficult Fake,Real,False,2.847253561019897,0.5140145001012953,0.9655889042896336,0.0312757651350272,0.08690081148767005,0.9722925194928504
skype,P-5305,post,Fake,Real,False,2.214810848236084,0.5140145001012953,0.9655889042896336,0.0312757651350272,0.08690081148767005,0.9722925194928504
macys,P-5305,post,Difficult Fake,Real,False,2.421505212783813,0.538417858578497,0.9057703520819028,0.006236204807042833,0.2791750789128578,0.9624897985121845
skype,P-5305,post,Real,Real,True,2.0918102264404297,0.5140145001012953,0.9655889042896336,0.0312757651350272,0.08690081148767005,0.9722925194928504
instagram,P-5305,post,Real,Real,True,1.4268403053283691,0.5242839895497001,0.916035982244601,0.0064927530142710995,0.19680130861652698,0.9778059143234014
dropbox,P-5305,post,Difficult Fake,Real,False,1.0610589981079102,0.570963645453162,0.9322445823156901,0.028693096387216333,0.3863434840710916,0.9365734190386502
hotels,P-5305,post,Real,Real,True,0.7737996578216553,0.5024701207678938,0.9419203233432675,0.016601037671892766,0.05584613820718964,0.9955129838492254
netflix,P-5305,post,Fake,Real,False,2.660053968429565,0.5130550606137206,0.47926146220162313,0.9971096238993677,0.5711566253327873,0.004692531021104333
instagram,P-5305,post,Real,Real,True,2.321643352508545,0.5242839895497001,0.916035982244601,0.0064927530142710995,0.19680130861652698,0.9778059143234014
skype,P-5305,post,Real,Real,True,2.34368896484375,0.5140145001012953,0.9655889042896336,0.0312757651350272,0.08690081148767005,0.9722925194928504
chase,P-5305,post,Fake,Real,False,1.5523653030395508,0.7040938715745643,0.8729460616033241,0.824960984883746,0.7016732815980432,0.41679515821314306
facebook,P-5305,post,Real,Fake,False,5.332331895828247,0.49908667713322474,0.8633932028907103,0.024936751984340335,0.14521536388043557,0.9628013897774131
chase,P-5305,post,Difficult Fake,Real,False,4.056795835494995,0.7040938715745643,0.8729460616033241,0.824960984883746,0.7016732815980432,0.41679515821314306
instagram,P-5305,post,Real,Fake,False,0.950190544128418,0.5242839895497001,0.916035982244601,0.0064927530142710995,0.19680130861652698,0.9778059143234014
macys,P-5306,pre,Real,Real,True,3.731229305267334,0.538417858578497,0.9057703520819028,0.006236204807042833,0.2791750789128578,0.9624897985121845
twitter,P-5306,pre,Difficult Fake,Real,False,3.7859702110290527,0.6205761703983936,0.9533377254730103,0.33718341810424374,0.21466516678850123,0.9771183712278191
skype,P-5306,pre,Fake,Fake,True,2.489400625228882,0.5140145001012953,0.9655889042896336,0.0312757651350272,0.08690081148767005,0.9722925194928504
chase,P-5306,pre,Real,Real,True,2.581721305847168,0.7040938715745643,0.8729460616033241,0.824960984883746,0.7016732815980432,0.41679515821314306
hotels,P-5306,pre,Difficult Fake,Fake,True,2.82767915725708,0.5024701207678938,0.9419203233432675,0.016601037671892766,0.05584613820718964,0.9955129838492254
wellsfargo,P-5306,pre,Fake,Fake,True,3.545483350753784,0.5492560496276766,0.19612107178083335,0.6586137082568101,0.8719596288923929,0.47032978958066995
linkedin,P-5306,pre,Real,Real,True,2.6300840377807617,0.5138002403902081,0.9080207263550593,0.0180569902349888,0.16471096476187982,0.9644122802089047
hotels,P-5306,pre,Difficult Fake,Fake,True,2.4411635398864746,0.5024701207678938,0.9419203233432675,0.016601037671892766,0.05584613820718964,0.9955129838492254
dropbox,P-5306,pre,Difficult Fake,Fake,True,2.521005630493164,0.570963645453162,0.9322445823156901,0.028693096387216333,0.3863434840710916,0.9365734190386502
ebay,P-5306,pre,Fake,Real,False,3.6214311122894287,0.5330837499596305,0.9005510596100494,0.03266517762789,0.24716270666302664,0.9519560559375563
skype,P-5306,pre,Real,Real,True,3.847021579742432,0.5140145001012953,0.9655889042896336,0.0312757651350272,0.08690081148767005,0.9722925194928504
bestbuy,P-5306,pre,Fake,Real,False,2.22961950302124,0.541578858999112,0.8423175908079896,0.13087608746491272,0.3140118366184083,0.8791099211051372
chase,P-5306,pre,Fake,Fake,True,3.3067102432250977,0.7040938715745643,0.8729460616033241,0.824960984883746,0.7016732815980432,0.41679515821314306
skype,P-5306,pre,Difficult Fake,Real,False,2.424711227416992,0.5140145001012953,0.9655889042896336,0.0312757651350272,0.08690081148767005,0.9722925194928504
netflix,P-5306,pre,Fake,Real,False,2.003225326538086,0.5130550606137206,0.47926146220162313,0.9971096238993677,0.5711566253327873,0.004692531021104333
paypal,P-5306,pre,Fake,Fake,True,2.44413685798645,0.5031309753907608,0.9902418481681048,0.015572687487858498,0.0220813819720949,0.9846279839349852
netflix,P-5306,pre,Difficult Fake,Real,False,2.0829575061798096,0.5130550606137206,0.47926146220162313,0.9971096238993677,0.5711566253327873,0.004692531021104333
wellsfargo,P-5306,pre,Real,Real,True,3.242694854736328,0.5492560496276766,0.19612107178083335,0.6586137082568101,0.8719596288923929,0.47032978958066995
facebook,P-5306,pre,Real,Real,True,2.1701064109802246,0.49908667713322474,0.8633932028907103,0.024936751984340335,0.14521536388043557,0.9628013897774131
wellsfargo,P-5306,pre,Fake,Fake,True,2.848229169845581,0.5492560496276766,0.19612107178083335,0.6586137082568101,0.8719596288923929,0.47032978958066995
instagram,P-5306,post,Difficult Fake,Real,False,2.7918448448181152,0.5242839895497001,0.916035982244601,0.0064927530142710995,0.19680130861652698,0.9778059143234014
macys,P-5306,post,Fake,Real,False,2.531092882156372,0.538417858578497,0.9057703520819028,0.006236204807042833,0.2791750789128578,0.9624897985121845
ups,P-5306,post,Fake,Real,False,2.135911703109741,0.5400905355549765,0.8988608488871557,0.010973611864746532,0.2873788995367653,0.9631487819312383
hotels,P-5306,post,Fake,Real,False,1.964677333831787,0.5024701207678938,0.9419203233432675,0.016601037671892766,0.05584613820718964,0.9955129838492254
hotels,P-5306,post,Fake,Real,False,2.302575826644897,0.5024701207678938,0.9419203233432675,0.016601037671892766,0.05584613820718964,0.9955129838492254
ups,P-5306,post,Fake,Real,False,3.3390278816223145,0.5400905355549765,0.8988608488871557,0.010973611864746532,0.2873788995367653,0.9631487819312383
wellsfargo,P-5306,post,Difficult Fake,Real,False,3.989501953125,0.5492560496276766,0.19612107178083335,0.6586137082568101,0.8719596288923929,0.47032978958066995
ebay,P-5306,post,Real,Real,True,2.3093650341033936,0.5330837499596305,0.9005510596100494,0.03266517762789,0.24716270666302664,0.9519560559375563
americanexpress,P-5306,post,Difficult Fake,Fake,True,3.2467527389526367,0.5673661109484304,0.8643417735120829,0.09378232613158714,0.392484996787229,0.9188553473628226
americanexpress,P-5306,post,Difficult Fake,Fake,True,3.090776205062866,0.5673661109484304,0.8643417735120829,0.09378232613158714,0.392484996787229,0.9188553473628226
walmart,P-5306,post,Fake,Real,False,1.8652098178863523,0.5162666455693107,0.9612347424909798,0.014021884647266366,0.1134020911408364,0.9764078639981598
instagram,P-5306,post,Fake,Real,False,2.213481903076172,0.5242839895497001,0.916035982244601,0.0064927530142710995,0.19680130861652698,0.9778059143234014
walmart,P-5306,post,Real,Real,True,2.295398235321045,0.5162666455693107,0.9612347424909798,0.014021884647266366,0.1134020911408364,0.9764078639981598
facebook,P-5306,post,Difficult Fake,Fake,True,2.8917336463928223,0.49908667713322474,0.8633932028907103,0.024936751984340335,0.14521536388043557,0.9628013897774131
paypal,P-5306,post,Difficult Fake,Real,False,1.9922075271606443,0.5031309753907608,0.9902418481681048,0.015572687487858498,0.0220813819720949,0.9846279839349852
bestbuy,P-5306,post,Real,Real,True,2.819425106048584,0.541578858999112,0.8423175908079896,0.13087608746491272,0.3140118366184083,0.8791099211051372
apple,P-5306,post,Real,Fake,False,4.10193657875061,0.5363093857917739,0.8989634547247899,0.0265051156862389,0.2940935696003628,0.9256754031557038
hotels,P-5306,post,Real,Real,True,2.962631702423096,0.5024701207678938,0.9419203233432675,0.016601037671892766,0.05584613820718964,0.9955129838492254
chase,P-5306,post,Difficult Fake,Real,False,3.157853603363037,0.7040938715745643,0.8729460616033241,0.824960984883746,0.7016732815980432,0.41679515821314306
instagram,P-5307,pre,Fake,Real,False,4.168576240539551,0.5242839895497001,0.916035982244601,0.0064927530142710995,0.19680130861652698,0.9778059143234014
hotels,P-5307,pre,Fake,Fake,True,2.8865528106689453,0.5024701207678938,0.9419203233432675,0.016601037671892766,0.05584613820718964,0.9955129838492254
dropbox,P-5307,pre,Difficult Fake,Fake,True,2.348400831222534,0.570963645453162,0.9322445823156901,0.028693096387216333,0.3863434840710916,0.9365734190386502
ups,P-5307,pre,Real,Real,True,2.379779815673828,0.5400905355549765,0.8988608488871557,0.010973611864746532,0.2873788995367653,0.9631487819312383
paypal,P-5307,pre,Difficult Fake,Fake,True,2.324323892593384,0.5031309753907608,0.9902418481681048,0.015572687487858498,0.0220813819720949,0.9846279839349852
ups,P-5307,pre,Fake,Fake,True,2.4874210357666016,0.5400905355549765,0.8988608488871557,0.010973611864746532,0.2873788995367653,0.9631487819312383
netflix,P-5307,pre,Fake,Real,False,2.779150485992432,0.5130550606137206,0.47926146220162313,0.9971096238993677,0.5711566253327873,0.004692531021104333
bestbuy,P-5307,pre,Real,Real,True,2.152317523956299,0.541578858999112,0.8423175908079896,0.13087608746491272,0.3140118366184083,0.8791099211051372
skype,P-5307,pre,Real,Real,True,3.0131332874298096,0.5140145001012953,0.9655889042896336,0.0312757651350272,0.08690081148767005,0.9722925194928504
dropbox,P-5307,pre,Fake,Fake,True,2.304271459579468,0.570963645453162,0.9322445823156901,0.028693096387216333,0.3863434840710916,0.9365734190386502
wellsfargo,P-5307,pre,Fake,Fake,True,3.46457576751709,0.5492560496276766,0.19612107178083335,0.6586137082568101,0.8719596288923929,0.47032978958066995
walmart,P-5307,pre,Real,Real,True,1.940279483795166,0.5162666455693107,0.9612347424909798,0.014021884647266366,0.1134020911408364,0.9764078639981598
linkedin,P-5307,pre,Fake,Fake,True,2.4322659969329834,0.5138002403902081,0.9080207263550593,0.0180569902349888,0.16471096476187982,0.9644122802089047
dropbox,P-5307,pre,Fake,Fake,True,2.827004194259644,0.570963645453162,0.9322445823156901,0.028693096387216333,0.3863434840710916,0.9365734190386502
ebay,P-5307,pre,Difficult Fake,Real,False,4.401253700256348,0.5330837499596305,0.9005510596100494,0.03266517762789,0.24716270666302664,0.9519560559375563
dropbox,P-5307,pre,Real,Real,True,2.1726131439208984,0.570963645453162,0.9322445823156901,0.028693096387216333,0.3863434840710916,0.9365734190386502
ups,P-5307,pre,Real,Real,True,2.470062255859375,0.5400905355549765,0.8988608488871557,0.010973611864746532,0.2873788995367653,0.9631487819312383
facebook,P-5307,pre,Real,Real,True,2.071166515350342,0.49908667713322474,0.8633932028907103,0.024936751984340335,0.14521536388043557,0.9628013897774131
twitter,P-5307,pre,Difficult Fake,Fake,True,3.57608699798584,0.6205761703983936,0.9533377254730103,0.33718341810424374,0.21466516678850123,0.9771183712278191
hotels,P-5307,pre,Difficult Fake,Fake,True,3.228058338165283,0.5024701207678938,0.9419203233432675,0.016601037671892766,0.05584613820718964,0.9955129838492254
apple,P-5307,post,Difficult Fake,Real,False,4.425487518310547,0.5363093857917739,0.8989634547247899,0.0265051156862389,0.2940935696003628,0.9256754031557038
chase,P-5307,post,Fake,Real,False,3.498496055603028,0.7040938715745643,0.8729460616033241,0.824960984883746,0.7016732815980432,0.41679515821314306
walmart,P-5307,post,Fake,Real,False,1.3694579601287842,0.5162666455693107,0.9612347424909798,0.014021884647266366,0.1134020911408364,0.9764078639981598
paypal,P-5307,post,Real,Real,True,0.3792428970336914,0.5031309753907608,0.9902418481681048,0.015572687487858498,0.0220813819720949,0.9846279839349852
americanexpress,P-5307,post,Fake,Real,False,0.5027322769165039,0.5673661109484304,0.8643417735120829,0.09378232613158714,0.392484996787229,0.9188553473628226
apple,P-5307,post,Real,Real,True,0.4249818325042724,0.5363093857917739,0.8989634547247899,0.0265051156862389,0.2940935696003628,0.9256754031557038
bestbuy,P-5307,post,Fake,Real,False,0.7479991912841797,0.541578858999112,0.8423175908079896,0.13087608746491272,0.3140118366184083,0.8791099211051372
paypal,P-5307,post,Real,Real,True,0.4928598403930664,0.5031309753907608,0.9902418481681048,0.015572687487858498,0.0220813819720949,0.9846279839349852
instagram,P-5307,post,Real,Real,True,0.4635961055755615,0.5242839895497001,0.916035982244601,0.0064927530142710995,0.19680130861652698,0.9778059143234014
walmart,P-5307,post,Fake,Real,False,0.4329357147216797,0.5162666455693107,0.9612347424909798,0.014021884647266366,0.1134020911408364,0.9764078639981598
chase,P-5307,post,Fake,Real,False,0.4337899684906006,0.7040938715745643,0.8729460616033241,0.824960984883746,0.7016732815980432,0.41679515821314306
skype,P-5307,post,Fake,Real,False,0.4244019985198974,0.5140145001012953,0.9655889042896336,0.0312757651350272,0.08690081148767005,0.9722925194928504
instagram,P-5307,post,Real,Real,True,0.2919213771820068,0.5242839895497001,0.916035982244601,0.0064927530142710995,0.19680130861652698,0.9778059143234014
twitter,P-5307,post,Fake,Real,False,0.2766051292419433,0.6205761703983936,0.9533377254730103,0.33718341810424374,0.21466516678850123,0.9771183712278191
apple,P-5307,post,Real,Real,True,0.2054719924926757,0.5363093857917739,0.8989634547247899,0.0265051156862389,0.2940935696003628,0.9256754031557038
twitter,P-5307,post,Real,Real,True,0.1846170425415039,0.6205761703983936,0.9533377254730103,0.33718341810424374,0.21466516678850123,0.9771183712278191
skype,P-5307,post,Difficult Fake,Real,False,0.3963489532470703,0.5140145001012953,0.9655889042896336,0.0312757651350272,0.08690081148767005,0.9722925194928504
ebay,P-5307,post,Real,Real,True,1.0570759773254397,0.5330837499596305,0.9005510596100494,0.03266517762789,0.24716270666302664,0.9519560559375563
chase,P-5307,post,Fake,Real,False,1.0749528408050537,0.7040938715745643,0.8729460616033241,0.824960984883746,0.7016732815980432,0.41679515821314306
americanexpress,P-5307,post,Difficult Fake,Real,False,0.9263148307800292,0.5673661109484304,0.8643417735120829,0.09378232613158714,0.392484996787229,0.9188553473628226
dropbox,P-5308,pre,Fake,Fake,True,3.502694845199585,0.570963645453162,0.9322445823156901,0.028693096387216333,0.3863434840710916,0.9365734190386502
chase,P-5308,pre,Real,Real,True,2.973423957824707,0.7040938715745643,0.8729460616033241,0.824960984883746,0.7016732815980432,0.41679515821314306
walmart,P-5308,pre,Fake,Fake,True,2.927046298980713,0.5162666455693107,0.9612347424909798,0.014021884647266366,0.1134020911408364,0.9764078639981598
macys,P-5308,pre,Difficult Fake,Fake,True,3.552766799926758,0.538417858578497,0.9057703520819028,0.006236204807042833,0.2791750789128578,0.9624897985121845
macys,P-5308,pre,Fake,Fake,True,2.493065357208252,0.538417858578497,0.9057703520819028,0.006236204807042833,0.2791750789128578,0.9624897985121845
linkedin,P-5308,pre,Real,Real,True,2.8889403343200684,0.5138002403902081,0.9080207263550593,0.0180569902349888,0.16471096476187982,0.9644122802089047
chase,P-5308,pre,Real,Real,True,4.525280714035034,0.7040938715745643,0.8729460616033241,0.824960984883746,0.7016732815980432,0.41679515821314306
twitter,P-5308,pre,Fake,Fake,True,4.934484004974365,0.6205761703983936,0.9533377254730103,0.33718341810424374,0.21466516678850123,0.9771183712278191
linkedin,P-5308,pre,Difficult Fake,Fake,True,2.86398720741272,0.5138002403902081,0.9080207263550593,0.0180569902349888,0.16471096476187982,0.9644122802089047
chase,P-5308,pre,Real,Real,True,3.7982583045959473,0.7040938715745643,0.8729460616033241,0.824960984883746,0.7016732815980432,0.41679515821314306
americanexpress,P-5308,pre,Real,Real,True,3.6003010272979736,0.5673661109484304,0.8643417735120829,0.09378232613158714,0.392484996787229,0.9188553473628226
bestbuy,P-5308,pre,Difficult Fake,Real,False,2.261986494064331,0.541578858999112,0.8423175908079896,0.13087608746491272,0.3140118366184083,0.8791099211051372
macys,P-5308,pre,Difficult Fake,Fake,True,2.341568946838379,0.538417858578497,0.9057703520819028,0.006236204807042833,0.2791750789128578,0.9624897985121845
twitter,P-5308,pre,Real,Real,True,3.348574638366699,0.6205761703983936,0.9533377254730103,0.33718341810424374,0.21466516678850123,0.9771183712278191
amazon,P-5308,pre,Difficult Fake,Fake,True,2.4974076747894287,0.5134186655220626,0.922052795023912,0.0032455432234421,0.14639001915511643,0.9819863046857796
apple,P-5308,pre,Real,Real,True,4.095553159713745,0.5363093857917739,0.8989634547247899,0.0265051156862389,0.2940935696003628,0.9256754031557038
dropbox,P-5308,pre,Difficult Fake,Fake,True,2.8961105346679688,0.570963645453162,0.9322445823156901,0.028693096387216333,0.3863434840710916,0.9365734190386502
skype,P-5308,pre,Real,Real,True,3.838479995727539,0.5140145001012953,0.9655889042896336,0.0312757651350272,0.08690081148767005,0.9722925194928504
bestbuy,P-5308,pre,Fake,Fake,True,2.309558153152466,0.541578858999112,0.8423175908079896,0.13087608746491272,0.3140118366184083,0.8791099211051372
ups,P-5308,pre,Real,Real,True,3.054924964904785,0.5400905355549765,0.8988608488871557,0.010973611864746532,0.2873788995367653,0.9631487819312383
americanexpress,P-5308,post,Difficult Fake,Real,False,3.292752265930176,0.5673661109484304,0.8643417735120829,0.09378232613158714,0.392484996787229,0.9188553473628226
hotels,P-5308,post,Real,Real,True,3.875373125076294,0.5024701207678938,0.9419203233432675,0.016601037671892766,0.05584613820718964,0.9955129838492254
chase,P-5308,post,Difficult Fake,Fake,True,3.029807806015014,0.7040938715745643,0.8729460616033241,0.824960984883746,0.7016732815980432,0.41679515821314306
netflix,P-5308,post,Fake,Real,False,2.0757758617401123,0.5130550606137206,0.47926146220162313,0.9971096238993677,0.5711566253327873,0.004692531021104333
twitter,P-5308,post,Difficult Fake,Real,False,1.7678885459899902,0.6205761703983936,0.9533377254730103,0.33718341810424374,0.21466516678850123,0.9771183712278191
paypal,P-5308,post,Fake,Real,False,1.924290657043457,0.5031309753907608,0.9902418481681048,0.015572687487858498,0.0220813819720949,0.9846279839349852
macys,P-5308,post,Real,Real,True,2.220759153366089,0.538417858578497,0.9057703520819028,0.006236204807042833,0.2791750789128578,0.9624897985121845
chase,P-5308,post,Fake,Real,False,3.119711875915528,0.7040938715745643,0.8729460616033241,0.824960984883746,0.7016732815980432,0.41679515821314306
hotels,P-5308,post,Difficult Fake,Real,False,2.3707540035247803,0.5024701207678938,0.9419203233432675,0.016601037671892766,0.05584613820718964,0.9955129838492254
hotels,P-5308,post,Difficult Fake,Fake,True,2.5392637252807617,0.5024701207678938,0.9419203233432675,0.016601037671892766,0.05584613820718964,0.9955129838492254
hotels,P-5308,post,Difficult Fake,Real,False,2.200324058532715,0.5024701207678938,0.9419203233432675,0.016601037671892766,0.05584613820718964,0.9955129838492254
hotels,P-5308,post,Difficult Fake,Fake,True,1.8837087154388428,0.5024701207678938,0.9419203233432675,0.016601037671892766,0.05584613820718964,0.9955129838492254
twitter,P-5308,post,Difficult Fake,Real,False,1.860128402709961,0.6205761703983936,0.9533377254730103,0.33718341810424374,0.21466516678850123,0.9771183712278191
facebook,P-5308,post,Fake,Real,False,2.993173360824585,0.49908667713322474,0.8633932028907103,0.024936751984340335,0.14521536388043557,0.9628013897774131
wellsfargo,P-5308,post,Difficult Fake,Real,False,4.735910892486572,0.5492560496276766,0.19612107178083335,0.6586137082568101,0.8719596288923929,0.47032978958066995
ebay,P-5308,post,Fake,Real,False,2.987083911895752,0.5330837499596305,0.9005510596100494,0.03266517762789,0.24716270666302664,0.9519560559375563
americanexpress,P-5308,post,Fake,Fake,True,2.3918237686157227,0.5673661109484304,0.8643417735120829,0.09378232613158714,0.392484996787229,0.9188553473628226
wellsfargo,P-5308,post,Real,Real,True,2.448408842086792,0.5492560496276766,0.19612107178083335,0.6586137082568101,0.8719596288923929,0.47032978958066995
facebook,P-5308,post,Fake,Real,False,2.125111818313598,0.49908667713322474,0.8633932028907103,0.024936751984340335,0.14521536388043557,0.9628013897774131
bestbuy,P-5309,pre,Difficult Fake,Real,False,2.6052896976470947,0.541578858999112,0.8423175908079896,0.13087608746491272,0.3140118366184083,0.8791099211051372
linkedin,P-5309,pre,Real,Real,True,4.056952238082886,0.5138002403902081,0.9080207263550593,0.0180569902349888,0.16471096476187982,0.9644122802089047
amazon,P-5309,pre,Difficult Fake,Fake,True,2.8936338424682617,0.5134186655220626,0.922052795023912,0.0032455432234421,0.14639001915511643,0.9819863046857796
netflix,P-5309,pre,Fake,Real,False,2.384019613265991,0.5130550606137206,0.47926146220162313,0.9971096238993677,0.5711566253327873,0.004692531021104333
netflix,P-5309,pre,Real,Real,True,2.2307441234588623,0.5130550606137206,0.47926146220162313,0.9971096238993677,0.5711566253327873,0.004692531021104333
walmart,P-5309,pre,Real,Real,True,2.100369691848755,0.5162666455693107,0.9612347424909798,0.014021884647266366,0.1134020911408364,0.9764078639981598
americanexpress,P-5309,pre,Real,Fake,False,2.1799914836883545,0.5673661109484304,0.8643417735120829,0.09378232613158714,0.392484996787229,0.9188553473628226
paypal,P-5309,pre,Fake,Fake,True,2.1705148220062256,0.5031309753907608,0.9902418481681048,0.015572687487858498,0.0220813819720949,0.9846279839349852
twitter,P-5309,pre,Difficult Fake,Fake,True,3.2763350009918213,0.6205761703983936,0.9533377254730103,0.33718341810424374,0.21466516678850123,0.9771183712278191
chase,P-5309,pre,Fake,Fake,True,2.377793312072754,0.7040938715745643,0.8729460616033241,0.824960984883746,0.7016732815980432,0.41679515821314306
apple,P-5309,pre,Fake,Fake,True,3.1600470542907715,0.5363093857917739,0.8989634547247899,0.0265051156862389,0.2940935696003628,0.9256754031557038
apple,P-5309,pre,Fake,Fake,True,2.008687973022461,0.5363093857917739,0.8989634547247899,0.0265051156862389,0.2940935696003628,0.9256754031557038
wellsfargo,P-5309,pre,Real,Real,True,2.5538249015808105,0.5492560496276766,0.19612107178083335,0.6586137082568101,0.8719596288923929,0.47032978958066995
bestbuy,P-5309,pre,Fake,Fake,True,1.890044927597046,0.541578858999112,0.8423175908079896,0.13087608746491272,0.3140118366184083,0.8791099211051372
skype,P-5309,pre,Difficult Fake,Fake,True,4.279819011688232,0.5140145001012953,0.9655889042896336,0.0312757651350272,0.08690081148767005,0.9722925194928504
apple,P-5309,pre,Difficult Fake,Fake,True,1.71472430229187,0.5363093857917739,0.8989634547247899,0.0265051156862389,0.2940935696003628,0.9256754031557038
hotels,P-5309,pre,Fake,Fake,True,2.13179612159729,0.5024701207678938,0.9419203233432675,0.016601037671892766,0.05584613820718964,0.9955129838492254
wellsfargo,P-5309,pre,Difficult Fake,Fake,True,3.464014768600464,0.5492560496276766,0.19612107178083335,0.6586137082568101,0.8719596288923929,0.47032978958066995
skype,P-5309,pre,Difficult Fake,Fake,True,2.632394313812256,0.5140145001012953,0.9655889042896336,0.0312757651350272,0.08690081148767005,0.9722925194928504
americanexpress,P-5309,post,Fake,Real,False,2.35088324546814,0.5673661109484304,0.8643417735120829,0.09378232613158714,0.392484996787229,0.9188553473628226
ebay,P-5309,post,Real,Real,True,2.7657296657562256,0.5330837499596305,0.9005510596100494,0.03266517762789,0.24716270666302664,0.9519560559375563
netflix,P-5309,post,Difficult Fake,Real,False,2.0167362689971924,0.5130550606137206,0.47926146220162313,0.9971096238993677,0.5711566253327873,0.004692531021104333
ups,P-5309,post,Fake,Real,False,2.537916421890259,0.5400905355549765,0.8988608488871557,0.010973611864746532,0.2873788995367653,0.9631487819312383
paypal,P-5309,post,Real,Real,True,2.0135326385498047,0.5031309753907608,0.9902418481681048,0.015572687487858498,0.0220813819720949,0.9846279839349852
paypal,P-5309,post,Real,Real,True,1.5168771743774414,0.5031309753907608,0.9902418481681048,0.015572687487858498,0.0220813819720949,0.9846279839349852
instagram,P-5309,post,Difficult Fake,Real,False,2.304513692855835,0.5242839895497001,0.916035982244601,0.0064927530142710995,0.19680130861652698,0.9778059143234014
chase,P-5309,post,Real,Real,True,2.496149778366089,0.7040938715745643,0.8729460616033241,0.824960984883746,0.7016732815980432,0.41679515821314306
bestbuy,P-5309,post,Real,Fake,False,0.8373785018920898,0.541578858999112,0.8423175908079896,0.13087608746491272,0.3140118366184083,0.8791099211051372
wellsfargo,P-5309,post,Fake,Fake,True,3.019549608230591,0.5492560496276766,0.19612107178083335,0.6586137082568101,0.8719596288923929,0.47032978958066995
instagram,P-5309,post,Difficult Fake,Real,False,2.616341590881348,0.5242839895497001,0.916035982244601,0.0064927530142710995,0.19680130861652698,0.9778059143234014
wellsfargo,P-5309,post,Fake,Real,False,1.9690725803375244,0.5492560496276766,0.19612107178083335,0.6586137082568101,0.8719596288923929,0.47032978958066995
facebook,P-5309,post,Fake,Fake,True,1.6856606006622314,0.49908667713322474,0.8633932028907103,0.024936751984340335,0.14521536388043557,0.9628013897774131
hotels,P-5309,post,Difficult Fake,Fake,True,2.057973146438598,0.5024701207678938,0.9419203233432675,0.016601037671892766,0.05584613820718964,0.9955129838492254
macys,P-5309,post,Fake,Real,False,1.9685170650482176,0.538417858578497,0.9057703520819028,0.006236204807042833,0.2791750789128578,0.9624897985121845
chase,P-5309,post,Real,Fake,False,2.5214967727661133,0.7040938715745643,0.8729460616033241,0.824960984883746,0.7016732815980432,0.41679515821314306
hotels,P-5309,post,Real,Real,True,2.602837324142456,0.5024701207678938,0.9419203233432675,0.016601037671892766,0.05584613820718964,0.9955129838492254
amazon,P-5310,pre,Difficult Fake,Fake,True,2.8381826877593994,0.5134186655220626,0.922052795023912,0.0032455432234421,0.14639001915511643,0.9819863046857796
bestbuy,P-5310,pre,Difficult Fake,Fake,True,2.4181480407714844,0.541578858999112,0.8423175908079896,0.13087608746491272,0.3140118366184083,0.8791099211051372
chase,P-5310,pre,Fake,Fake,True,3.959754228591919,0.7040938715745643,0.8729460616033241,0.824960984883746,0.7016732815980432,0.41679515821314306
paypal,P-5310,pre,Real,Real,True,2.8001184463500977,0.5031309753907608,0.9902418481681048,0.015572687487858498,0.0220813819720949,0.9846279839349852
hotels,P-5310,pre,Fake,Fake,True,2.976085901260376,0.5024701207678938,0.9419203233432675,0.016601037671892766,0.05584613820718964,0.9955129838492254
skype,P-5310,pre,Real,Fake,False,3.063934564590454,0.5140145001012953,0.9655889042896336,0.0312757651350272,0.08690081148767005,0.9722925194928504
bestbuy,P-5310,pre,Real,Real,True,2.2213499546051025,0.541578858999112,0.8423175908079896,0.13087608746491272,0.3140118366184083,0.8791099211051372
skype,P-5310,pre,Fake,Fake,True,2.583564758300781,0.5140145001012953,0.9655889042896336,0.0312757651350272,0.08690081148767005,0.9722925194928504
chase,P-5310,pre,Real,Real,True,2.262120008468628,0.7040938715745643,0.8729460616033241,0.824960984883746,0.7016732815980432,0.41679515821314306
linkedin,P-5310,pre,Fake,Fake,True,1.838984727859497,0.5138002403902081,0.9080207263550593,0.0180569902349888,0.16471096476187982,0.9644122802089047
ebay,P-5310,pre,Real,Real,True,3.562750577926636,0.5330837499596305,0.9005510596100494,0.03266517762789,0.24716270666302664,0.9519560559375563
instagram,P-5310,pre,Difficult Fake,Fake,True,4.7808380126953125,0.5242839895497001,0.916035982244601,0.0064927530142710995,0.19680130861652698,0.9778059143234014
amazon,P-5310,pre,Difficult Fake,Fake,True,2.387953996658325,0.5134186655220626,0.922052795023912,0.0032455432234421,0.14639001915511643,0.9819863046857796
walmart,P-5310,pre,Difficult Fake,Fake,True,3.714210510253906,0.5162666455693107,0.9612347424909798,0.014021884647266366,0.1134020911408364,0.9764078639981598
paypal,P-5310,pre,Real,Real,True,3.1346724033355717,0.5031309753907608,0.9902418481681048,0.015572687487858498,0.0220813819720949,0.9846279839349852
americanexpress,P-5310,pre,Difficult Fake,Fake,True,3.802295446395874,0.5673661109484304,0.8643417735120829,0.09378232613158714,0.392484996787229,0.9188553473628226
wellsfargo,P-5310,pre,Difficult Fake,Fake,True,3.4792261123657227,0.5492560496276766,0.19612107178083335,0.6586137082568101,0.8719596288923929,0.47032978958066995
apple,P-5310,pre,Real,Real,True,3.2132222652435303,0.5363093857917739,0.8989634547247899,0.0265051156862389,0.2940935696003628,0.9256754031557038
dropbox,P-5310,pre,Fake,Fake,True,3.39508318901062,0.570963645453162,0.9322445823156901,0.028693096387216333,0.3863434840710916,0.9365734190386502
macys,P-5310,pre,Fake,Fake,True,3.4421205520629883,0.538417858578497,0.9057703520819028,0.006236204807042833,0.2791750789128578,0.9624897985121845
apple,P-5310,post,Difficult Fake,Real,False,2.746922254562378,0.5363093857917739,0.8989634547247899,0.0265051156862389,0.2940935696003628,0.9256754031557038
ebay,P-5310,post,Fake,Fake,True,2.4958744049072266,0.5330837499596305,0.9005510596100494,0.03266517762789,0.24716270666302664,0.9519560559375563
hotels,P-5310,post,Real,Real,True,2.912949800491333,0.5024701207678938,0.9419203233432675,0.016601037671892766,0.05584613820718964,0.9955129838492254
chase,P-5310,post,Difficult Fake,Fake,True,2.278872013092041,0.7040938715745643,0.8729460616033241,0.824960984883746,0.7016732815980432,0.41679515821314306
netflix,P-5310,post,Fake,Real,False,1.9995217323303225,0.5130550606137206,0.47926146220162313,0.9971096238993677,0.5711566253327873,0.004692531021104333
linkedin,P-5310,post,Real,Real,True,2.597602844238281,0.5138002403902081,0.9080207263550593,0.0180569902349888,0.16471096476187982,0.9644122802089047
hotels,P-5310,post,Real,Real,True,1.9879043102264404,0.5024701207678938,0.9419203233432675,0.016601037671892766,0.05584613820718964,0.9955129838492254
facebook,P-5310,post,Difficult Fake,Real,False,2.451706886291504,0.49908667713322474,0.8633932028907103,0.024936751984340335,0.14521536388043557,0.9628013897774131
americanexpress,P-5310,post,Fake,Real,False,2.3124828338623047,0.5673661109484304,0.8643417735120829,0.09378232613158714,0.392484996787229,0.9188553473628226
netflix,P-5310,post,Real,Real,True,1.9533710479736328,0.5130550606137206,0.47926146220162313,0.9971096238993677,0.5711566253327873,0.004692531021104333
macys,P-5310,post,Difficult Fake,Fake,True,2.3357622623443604,0.538417858578497,0.9057703520819028,0.006236204807042833,0.2791750789128578,0.9624897985121845
ups,P-5310,post,Real,Real,True,2.0386321544647217,0.5400905355549765,0.8988608488871557,0.010973611864746532,0.2873788995367653,0.9631487819312383
bestbuy,P-5310,post,Fake,Real,False,3.2244040966033936,0.541578858999112,0.8423175908079896,0.13087608746491272,0.3140118366184083,0.8791099211051372
ebay,P-5310,post,Fake,Fake,True,2.353222131729126,0.5330837499596305,0.9005510596100494,0.03266517762789,0.24716270666302664,0.9519560559375563
amazon,P-5310,post,Fake,Fake,True,2.2193379402160645,0.5134186655220626,0.922052795023912,0.0032455432234421,0.14639001915511643,0.9819863046857796
wellsfargo,P-5310,post,Fake,Fake,True,4.072869300842285,0.5492560496276766,0.19612107178083335,0.6586137082568101,0.8719596288923929,0.47032978958066995
dropbox,P-5310,post,Difficult Fake,Fake,True,2.2686493396759038,0.570963645453162,0.9322445823156901,0.028693096387216333,0.3863434840710916,0.9365734190386502
ups,P-5310,post,Real,Real,True,1.5256977081298828,0.5400905355549765,0.8988608488871557,0.010973611864746532,0.2873788995367653,0.9631487819312383
hotels,P-5310,post,Difficult Fake,Fake,True,3.1893272399902344,0.5024701207678938,0.9419203233432675,0.016601037671892766,0.05584613820718964,0.9955129838492254
dropbox,P-5311,pre,Real,Real,True,2.2716126441955566,0.570963645453162,0.9322445823156901,0.028693096387216333,0.3863434840710916,0.9365734190386502
facebook,P-5311,pre,Real,Real,True,2.0061020851135254,0.49908667713322474,0.8633932028907103,0.024936751984340335,0.14521536388043557,0.9628013897774131
linkedin,P-5311,pre,Fake,Fake,True,2.5667221546173096,0.5138002403902081,0.9080207263550593,0.0180569902349888,0.16471096476187982,0.9644122802089047
ups,P-5311,pre,Fake,Fake,True,2.8719890117645264,0.5400905355549765,0.8988608488871557,0.010973611864746532,0.2873788995367653,0.9631487819312383
wellsfargo,P-5311,pre,Real,Real,True,3.141761302947998,0.5492560496276766,0.19612107178083335,0.6586137082568101,0.8719596288923929,0.47032978958066995
linkedin,P-5311,pre,Difficult Fake,Fake,True,3.4265735149383545,0.5138002403902081,0.9080207263550593,0.0180569902349888,0.16471096476187982,0.9644122802089047
netflix,P-5311,pre,Real,Real,True,2.279111385345459,0.5130550606137206,0.47926146220162313,0.9971096238993677,0.5711566253327873,0.004692531021104333
ups,P-5311,pre,Difficult Fake,Fake,True,2.2270748615264893,0.5400905355549765,0.8988608488871557,0.010973611864746532,0.2873788995367653,0.9631487819312383
bestbuy,P-5311,pre,Real,Real,True,2.896827459335327,0.541578858999112,0.8423175908079896,0.13087608746491272,0.3140118366184083,0.8791099211051372
paypal,P-5311,pre,Difficult Fake,Fake,True,1.975144386291504,0.5031309753907608,0.9902418481681048,0.015572687487858498,0.0220813819720949,0.9846279839349852
paypal,P-5311,pre,Difficult Fake,Real,False,3.582141399383545,0.5031309753907608,0.9902418481681048,0.015572687487858498,0.0220813819720949,0.9846279839349852
walmart,P-5311,pre,Difficult Fake,Fake,True,2.453758001327514,0.5162666455693107,0.9612347424909798,0.014021884647266366,0.1134020911408364,0.9764078639981598
dropbox,P-5311,pre,Difficult Fake,Fake,True,1.9229931831359863,0.570963645453162,0.9322445823156901,0.028693096387216333,0.3863434840710916,0.9365734190386502
hotels,P-5311,pre,Fake,Fake,True,2.214468240737915,0.5024701207678938,0.9419203233432675,0.016601037671892766,0.05584613820718964,0.9955129838492254
amazon,P-5311,pre,Difficult Fake,Fake,True,2.3746936321258545,0.5134186655220626,0.922052795023912,0.0032455432234421,0.14639001915511643,0.9819863046857796
chase,P-5311,pre,Difficult Fake,Fake,True,2.299631118774414,0.7040938715745643,0.8729460616033241,0.824960984883746,0.7016732815980432,0.41679515821314306
apple,P-5311,post,Real,Fake,False,4.408536911010742,0.5363093857917739,0.8989634547247899,0.0265051156862389,0.2940935696003628,0.9256754031557038
linkedin,P-5311,post,Real,Fake,False,2.225557327270508,0.5138002403902081,0.9080207263550593,0.0180569902349888,0.16471096476187982,0.9644122802089047
macys,P-5311,post,Real,Fake,False,3.3260185718536377,0.538417858578497,0.9057703520819028,0.006236204807042833,0.2791750789128578,0.9624897985121845
americanexpress,P-5311,post,Fake,Real,False,3.672457695007324,0.5673661109484304,0.8643417735120829,0.09378232613158714,0.392484996787229,0.9188553473628226
netflix,P-5311,post,Difficult Fake,Real,False,2.7174630165100098,0.5130550606137206,0.47926146220162313,0.9971096238993677,0.5711566253327873,0.004692531021104333
apple,P-5311,post,Fake,Fake,True,4.206796646118164,0.5363093857917739,0.8989634547247899,0.0265051156862389,0.2940935696003628,0.9256754031557038
instagram,P-5311,post,Real,Fake,False,3.2009940147399902,0.5242839895497001,0.916035982244601,0.0064927530142710995,0.19680130861652698,0.9778059143234014
skype,P-5311,post,Fake,Real,False,3.704747676849365,0.5140145001012953,0.9655889042896336,0.0312757651350272,0.08690081148767005,0.9722925194928504
paypal,P-5311,post,Real,Real,True,3.698272466659546,0.5031309753907608,0.9902418481681048,0.015572687487858498,0.0220813819720949,0.9846279839349852
dropbox,P-5311,post,Fake,Real,False,2.6093766689300537,0.570963645453162,0.9322445823156901,0.028693096387216333,0.3863434840710916,0.9365734190386502
facebook,P-5311,post,Fake,Real,False,3.2712271213531494,0.49908667713322474,0.8633932028907103,0.024936751984340335,0.14521536388043557,0.9628013897774131
amazon,P-5311,post,Fake,Real,False,1.5216872692108154,0.5134186655220626,0.922052795023912,0.0032455432234421,0.14639001915511643,0.9819863046857796
macys,P-5311,post,Fake,Real,False,1.8181989192962649,0.538417858578497,0.9057703520819028,0.006236204807042833,0.2791750789128578,0.9624897985121845
twitter,P-5312,pre,Fake,Fake,True,5.377805233001709,0.6205761703983936,0.9533377254730103,0.33718341810424374,0.21466516678850123,0.9771183712278191
dropbox,P-5312,pre,Real,Real,True,2.338977575302124,0.570963645453162,0.9322445823156901,0.028693096387216333,0.3863434840710916,0.9365734190386502
bestbuy,P-5312,pre,Real,Real,True,2.346932172775269,0.541578858999112,0.8423175908079896,0.13087608746491272,0.3140118366184083,0.8791099211051372
walmart,P-5312,pre,Real,Real,True,2.870801448822021,0.5162666455693107,0.9612347424909798,0.014021884647266366,0.1134020911408364,0.9764078639981598
ups,P-5312,pre,Difficult Fake,Fake,True,2.434072971343994,0.5400905355549765,0.8988608488871557,0.010973611864746532,0.2873788995367653,0.9631487819312383
instagram,P-5312,pre,Real,Real,True,2.689596176147461,0.5242839895497001,0.916035982244601,0.0064927530142710995,0.19680130861652698,0.9778059143234014
ebay,P-5312,pre,Difficult Fake,Fake,True,4.230165481567383,0.5330837499596305,0.9005510596100494,0.03266517762789,0.24716270666302664,0.9519560559375563
bestbuy,P-5312,pre,Real,Real,True,2.100288391113281,0.541578858999112,0.8423175908079896,0.13087608746491272,0.3140118366184083,0.8791099211051372
paypal,P-5312,pre,Fake,Fake,True,2.138740539550781,0.5031309753907608,0.9902418481681048,0.015572687487858498,0.0220813819720949,0.9846279839349852
americanexpress,P-5312,pre,Fake,Fake,True,2.74397349357605,0.5673661109484304,0.8643417735120829,0.09378232613158714,0.392484996787229,0.9188553473628226
ebay,P-5312,pre,Real,Real,True,4.4789347648620605,0.5330837499596305,0.9005510596100494,0.03266517762789,0.24716270666302664,0.9519560559375563
apple,P-5312,pre,Difficult Fake,Fake,True,2.648773431777954,0.5363093857917739,0.8989634547247899,0.0265051156862389,0.2940935696003628,0.9256754031557038
americanexpress,P-5312,pre,Difficult Fake,Fake,True,3.924124240875244,0.5673661109484304,0.8643417735120829,0.09378232613158714,0.392484996787229,0.9188553473628226
netflix,P-5312,pre,Difficult Fake,Real,False,2.3603625297546387,0.5130550606137206,0.47926146220162313,0.9971096238993677,0.5711566253327873,0.004692531021104333
ebay,P-5312,pre,Fake,Fake,True,4.416520833969116,0.5330837499596305,0.9005510596100494,0.03266517762789,0.24716270666302664,0.9519560559375563
paypal,P-5312,pre,Difficult Fake,Fake,True,2.4032580852508545,0.5031309753907608,0.9902418481681048,0.015572687487858498,0.0220813819720949,0.9846279839349852
dropbox,P-5312,pre,Fake,Fake,True,2.132215976715088,0.570963645453162,0.9322445823156901,0.028693096387216333,0.3863434840710916,0.9365734190386502
walmart,P-5312,post,Fake,Real,False,3.4560115337371826,0.5162666455693107,0.9612347424909798,0.014021884647266366,0.1134020911408364,0.9764078639981598
skype,P-5312,post,Difficult Fake,Real,False,2.378012180328369,0.5140145001012953,0.9655889042896336,0.0312757651350272,0.08690081148767005,0.9722925194928504
ups,P-5312,post,Real,Real,True,1.0547566413879397,0.5400905355549765,0.8988608488871557,0.010973611864746532,0.2873788995367653,0.9631487819312383
apple,P-5312,post,Real,Real,True,0.6079399585723877,0.5363093857917739,0.8989634547247899,0.0265051156862389,0.2940935696003628,0.9256754031557038
twitter,P-5312,post,Real,Real,True,0.7731423377990723,0.6205761703983936,0.9533377254730103,0.33718341810424374,0.21466516678850123,0.9771183712278191
twitter,P-5312,post,Difficult Fake,Real,False,0.5007483959197998,0.6205761703983936,0.9533377254730103,0.33718341810424374,0.21466516678850123,0.9771183712278191
macys,P-5312,post,Real,Real,True,0.7220981121063232,0.538417858578497,0.9057703520819028,0.006236204807042833,0.2791750789128578,0.9624897985121845
wellsfargo,P-5312,post,Difficult Fake,Real,False,0.4816758632659912,0.5492560496276766,0.19612107178083335,0.6586137082568101,0.8719596288923929,0.47032978958066995
amazon,P-5312,post,Difficult Fake,Real,False,0.3999073505401611,0.5134186655220626,0.922052795023912,0.0032455432234421,0.14639001915511643,0.9819863046857796
amazon,P-5312,post,Fake,Real,False,0.2992324829101562,0.5134186655220626,0.922052795023912,0.0032455432234421,0.14639001915511643,0.9819863046857796
linkedin,P-5312,post,Difficult Fake,Real,False,0.3762993812561035,0.5138002403902081,0.9080207263550593,0.0180569902349888,0.16471096476187982,0.9644122802089047
hotels,P-5312,post,Fake,Real,False,0.3074541091918945,0.5024701207678938,0.9419203233432675,0.016601037671892766,0.05584613820718964,0.9955129838492254
walmart,P-5312,post,Difficult Fake,Real,False,0.4325318336486816,0.5162666455693107,0.9612347424909798,0.014021884647266366,0.1134020911408364,0.9764078639981598
macys,P-5312,post,Fake,Real,False,0.3943066596984863,0.538417858578497,0.9057703520819028,0.006236204807042833,0.2791750789128578,0.9624897985121845
linkedin,P-5312,post,Difficult Fake,Real,False,0.4932715892791748,0.5138002403902081,0.9080207263550593,0.0180569902349888,0.16471096476187982,0.9644122802089047
skype,P-5312,post,Difficult Fake,Real,False,0.3649854660034179,0.5140145001012953,0.9655889042896336,0.0312757651350272,0.08690081148767005,0.9722925194928504
macys,P-5312,post,Difficult Fake,Real,False,0.4025671482086181,0.538417858578497,0.9057703520819028,0.006236204807042833,0.2791750789128578,0.9624897985121845
ups,P-5312,post,Real,Real,True,0.3979964256286621,0.5400905355549765,0.8988608488871557,0.010973611864746532,0.2873788995367653,0.9631487819312383
hotels,P-5312,post,Difficult Fake,Real,False,0.341440200805664,0.5024701207678938,0.9419203233432675,0.016601037671892766,0.05584613820718964,0.9955129838492254
linkedin,P-5313,pre,Real,Real,True,2.985487222671509,0.5138002403902081,0.9080207263550593,0.0180569902349888,0.16471096476187982,0.9644122802089047
netflix,P-5313,pre,Difficult Fake,Real,False,5.366635799407959,0.5130550606137206,0.47926146220162313,0.9971096238993677,0.5711566253327873,0.004692531021104333
dropbox,P-5313,pre,Real,Real,True,2.1860439777374268,0.570963645453162,0.9322445823156901,0.028693096387216333,0.3863434840710916,0.9365734190386502
dropbox,P-5313,pre,Real,Real,True,1.9913792610168457,0.570963645453162,0.9322445823156901,0.028693096387216333,0.3863434840710916,0.9365734190386502
hotels,P-5313,pre,Difficult Fake,Real,False,4.2376556396484375,0.5024701207678938,0.9419203233432675,0.016601037671892766,0.05584613820718964,0.9955129838492254
dropbox,P-5313,pre,Fake,Real,False,2.4296300411224365,0.570963645453162,0.9322445823156901,0.028693096387216333,0.3863434840710916,0.9365734190386502
macys,P-5313,pre,Real,Real,True,1.627105951309204,0.538417858578497,0.9057703520819028,0.006236204807042833,0.2791750789128578,0.9624897985121845
netflix,P-5313,pre,Difficult Fake,Real,False,1.8229188919067385,0.5130550606137206,0.47926146220162313,0.9971096238993677,0.5711566253327873,0.004692531021104333
skype,P-5313,pre,Real,Real,True,1.6171157360076904,0.5140145001012953,0.9655889042896336,0.0312757651350272,0.08690081148767005,0.9722925194928504
instagram,P-5313,pre,Difficult Fake,Real,False,0.6184301376342773,0.5242839895497001,0.916035982244601,0.0064927530142710995,0.19680130861652698,0.9778059143234014
linkedin,P-5313,pre,Fake,Real,False,1.6402664184570312,0.5138002403902081,0.9080207263550593,0.0180569902349888,0.16471096476187982,0.9644122802089047
ups,P-5313,pre,Real,Real,True,1.8121657371521,0.5400905355549765,0.8988608488871557,0.010973611864746532,0.2873788995367653,0.9631487819312383
americanexpress,P-5313,pre,Real,Real,True,1.7954323291778564,0.5673661109484304,0.8643417735120829,0.09378232613158714,0.392484996787229,0.9188553473628226
instagram,P-5313,pre,Real,Real,True,1.8563814163208008,0.5242839895497001,0.916035982244601,0.0064927530142710995,0.19680130861652698,0.9778059143234014
bestbuy,P-5313,pre,Real,Real,True,1.6303024291992188,0.541578858999112,0.8423175908079896,0.13087608746491272,0.3140118366184083,0.8791099211051372
skype,P-5313,pre,Real,Real,True,1.6566064357757568,0.5140145001012953,0.9655889042896336,0.0312757651350272,0.08690081148767005,0.9722925194928504
paypal,P-5313,pre,Difficult Fake,Real,False,0.7814886569976807,0.5031309753907608,0.9902418481681048,0.015572687487858498,0.0220813819720949,0.9846279839349852
bestbuy,P-5313,pre,Real,Real,True,0.9164860248565674,0.541578858999112,0.8423175908079896,0.13087608746491272,0.3140118366184083,0.8791099211051372
amazon,P-5313,pre,Difficult Fake,Real,False,2.39286732673645,0.5134186655220626,0.922052795023912,0.0032455432234421,0.14639001915511643,0.9819863046857796
amazon,P-5313,pre,Real,Real,True,1.4141502380371094,0.5134186655220626,0.922052795023912,0.0032455432234421,0.14639001915511643,0.9819863046857796
netflix,P-5313,post,Real,Real,True,2.2131474018096924,0.5130550606137206,0.47926146220162313,0.9971096238993677,0.5711566253327873,0.004692531021104333
apple,P-5313,post,Real,Real,True,2.722668409347534,0.5363093857917739,0.8989634547247899,0.0265051156862389,0.2940935696003628,0.9256754031557038
apple,P-5313,post,Fake,Fake,True,2.5945677757263184,0.5363093857917739,0.8989634547247899,0.0265051156862389,0.2940935696003628,0.9256754031557038
ebay,P-5313,post,Real,Fake,False,4.304901361465454,0.5330837499596305,0.9005510596100494,0.03266517762789,0.24716270666302664,0.9519560559375563
ebay,P-5313,post,Real,Fake,False,3.3490021228790283,0.5330837499596305,0.9005510596100494,0.03266517762789,0.24716270666302664,0.9519560559375563
americanexpress,P-5313,post,Difficult Fake,Fake,True,1.8282454013824463,0.5673661109484304,0.8643417735120829,0.09378232613158714,0.392484996787229,0.9188553473628226
skype,P-5313,post,Fake,Fake,True,5.810354232788086,0.5140145001012953,0.9655889042896336,0.0312757651350272,0.08690081148767005,0.9722925194928504
skype,P-5313,post,Difficult Fake,Fake,True,2.3836774826049805,0.5140145001012953,0.9655889042896336,0.0312757651350272,0.08690081148767005,0.9722925194928504
ebay,P-5313,post,Real,Fake,False,2.5613789558410645,0.5330837499596305,0.9005510596100494,0.03266517762789,0.24716270666302664,0.9519560559375563
instagram,P-5313,post,Fake,Fake,True,2.765211343765259,0.5242839895497001,0.916035982244601,0.0064927530142710995,0.19680130861652698,0.9778059143234014
ebay,P-5313,post,Fake,Fake,True,2.777695655822754,0.5330837499596305,0.9005510596100494,0.03266517762789,0.24716270666302664,0.9519560559375563
hotels,P-5313,post,Fake,Fake,True,2.7882943153381348,0.5024701207678938,0.9419203233432675,0.016601037671892766,0.05584613820718964,0.9955129838492254
twitter,P-5313,post,Difficult Fake,Fake,True,2.4722280502319336,0.6205761703983936,0.9533377254730103,0.33718341810424374,0.21466516678850123,0.9771183712278191
macys,P-5313,post,Difficult Fake,Fake,True,2.072915315628052,0.538417858578497,0.9057703520819028,0.006236204807042833,0.2791750789128578,0.9624897985121845
wellsfargo,P-5313,post,Fake,Fake,True,3.376756429672241,0.5492560496276766,0.19612107178083335,0.6586137082568101,0.8719596288923929,0.47032978958066995
walmart,P-5313,post,Real,Real,True,3.21162486076355,0.5162666455693107,0.9612347424909798,0.014021884647266366,0.1134020911408364,0.9764078639981598
ebay,P-5313,post,Difficult Fake,Fake,True,2.2235348224639893,0.5330837499596305,0.9005510596100494,0.03266517762789,0.24716270666302664,0.9519560559375563
paypal,P-5313,post,Fake,Fake,True,1.955765008926392,0.5031309753907608,0.9902418481681048,0.015572687487858498,0.0220813819720949,0.9846279839349852
chase,P-5313,post,Real,Real,True,1.8021578788757324,0.7040938715745643,0.8729460616033241,0.824960984883746,0.7016732815980432,0.41679515821314306
wellsfargo,P-5314,pre,Real,Real,True,3.463503837585449,0.5492560496276766,0.19612107178083335,0.6586137082568101,0.8719596288923929,0.47032978958066995
chase,P-5314,pre,Real,Real,True,3.3266758918762207,0.7040938715745643,0.8729460616033241,0.824960984883746,0.7016732815980432,0.41679515821314306
americanexpress,P-5314,pre,Real,Fake,False,4.569071531295776,0.5673661109484304,0.8643417735120829,0.09378232613158714,0.392484996787229,0.9188553473628226
instagram,P-5314,pre,Fake,Fake,True,3.808677673339844,0.5242839895497001,0.916035982244601,0.0064927530142710995,0.19680130861652698,0.9778059143234014
wellsfargo,P-5314,pre,Difficult Fake,Real,False,2.607020616531372,0.5492560496276766,0.19612107178083335,0.6586137082568101,0.8719596288923929,0.47032978958066995
bestbuy,P-5314,pre,Real,Real,True,2.7263424396514893,0.541578858999112,0.8423175908079896,0.13087608746491272,0.3140118366184083,0.8791099211051372
ups,P-5314,pre,Difficult Fake,Fake,True,2.441813468933105,0.5400905355549765,0.8988608488871557,0.010973611864746532,0.2873788995367653,0.9631487819312383
apple,P-5314,pre,Fake,Fake,True,3.865399122238159,0.5363093857917739,0.8989634547247899,0.0265051156862389,0.2940935696003628,0.9256754031557038
americanexpress,P-5314,pre,Difficult Fake,Fake,True,2.318042039871216,0.5673661109484304,0.8643417735120829,0.09378232613158714,0.392484996787229,0.9188553473628226
ups,P-5314,pre,Fake,Fake,True,2.806875228881836,0.5400905355549765,0.8988608488871557,0.010973611864746532,0.2873788995367653,0.9631487819312383
dropbox,P-5314,pre,Real,Real,True,2.421295642852783,0.570963645453162,0.9322445823156901,0.028693096387216333,0.3863434840710916,0.9365734190386502
facebook,P-5314,pre,Difficult Fake,Fake,True,3.056925773620605,0.49908667713322474,0.8633932028907103,0.024936751984340335,0.14521536388043557,0.9628013897774131
linkedin,P-5314,pre,Fake,Fake,True,2.476814031600952,0.5138002403902081,0.9080207263550593,0.0180569902349888,0.16471096476187982,0.9644122802089047
paypal,P-5314,pre,Fake,Fake,True,2.593900203704834,0.5031309753907608,0.9902418481681048,0.015572687487858498,0.0220813819720949,0.9846279839349852
americanexpress,P-5314,pre,Real,Real,True,2.724792003631592,0.5673661109484304,0.8643417735120829,0.09378232613158714,0.392484996787229,0.9188553473628226
apple,P-5314,pre,Difficult Fake,Fake,True,2.088207006454468,0.5363093857917739,0.8989634547247899,0.0265051156862389,0.2940935696003628,0.9256754031557038
macys,P-5314,pre,Fake,Fake,True,2.5037009716033936,0.538417858578497,0.9057703520819028,0.006236204807042833,0.2791750789128578,0.9624897985121845
facebook,P-5314,pre,Real,Real,True,2.2115354537963867,0.49908667713322474,0.8633932028907103,0.024936751984340335,0.14521536388043557,0.9628013897774131
skype,P-5314,pre,Difficult Fake,Fake,True,2.206511974334717,0.5140145001012953,0.9655889042896336,0.0312757651350272,0.08690081148767005,0.9722925194928504
twitter,P-5314,post,Difficult Fake,Real,False,2.506387233734131,0.6205761703983936,0.9533377254730103,0.33718341810424374,0.21466516678850123,0.9771183712278191
ebay,P-5314,post,Real,Real,True,4.111014127731323,0.5330837499596305,0.9005510596100494,0.03266517762789,0.24716270666302664,0.9519560559375563
dropbox,P-5314,post,Difficult Fake,Real,False,1.8582768440246584,0.570963645453162,0.9322445823156901,0.028693096387216333,0.3863434840710916,0.9365734190386502
paypal,P-5314,post,Real,Real,True,2.797318696975708,0.5031309753907608,0.9902418481681048,0.015572687487858498,0.0220813819720949,0.9846279839349852
paypal,P-5314,post,Difficult Fake,Fake,True,1.773960828781128,0.5031309753907608,0.9902418481681048,0.015572687487858498,0.0220813819720949,0.9846279839349852
paypal,P-5314,post,Difficult Fake,Fake,True,2.79862117767334,0.5031309753907608,0.9902418481681048,0.015572687487858498,0.0220813819720949,0.9846279839349852
netflix,P-5314,post,Difficult Fake,Fake,True,2.681957721710205,0.5130550606137206,0.47926146220162313,0.9971096238993677,0.5711566253327873,0.004692531021104333
twitter,P-5314,post,Real,Fake,False,3.4235217571258545,0.6205761703983936,0.9533377254730103,0.33718341810424374,0.21466516678850123,0.9771183712278191
macys,P-5314,post,Real,Fake,False,3.762065887451172,0.538417858578497,0.9057703520819028,0.006236204807042833,0.2791750789128578,0.9624897985121845
skype,P-5314,post,Fake,Fake,True,2.802694797515869,0.5140145001012953,0.9655889042896336,0.0312757651350272,0.08690081148767005,0.9722925194928504
instagram,P-5314,post,Difficult Fake,Fake,True,2.0397090911865234,0.5242839895497001,0.916035982244601,0.0064927530142710995,0.19680130861652698,0.9778059143234014
linkedin,P-5314,post,Real,Fake,False,4.388337135314941,0.5138002403902081,0.9080207263550593,0.0180569902349888,0.16471096476187982,0.9644122802089047
ebay,P-5314,post,Difficult Fake,Fake,True,3.6466896533966064,0.5330837499596305,0.9005510596100494,0.03266517762789,0.24716270666302664,0.9519560559375563
hotels,P-5314,post,Difficult Fake,Fake,True,2.65060830116272,0.5024701207678938,0.9419203233432675,0.016601037671892766,0.05584613820718964,0.9955129838492254
walmart,P-5314,post,Fake,Fake,True,2.854963541030884,0.5162666455693107,0.9612347424909798,0.014021884647266366,0.1134020911408364,0.9764078639981598
twitter,P-5314,post,Fake,Real,False,3.768468379974365,0.6205761703983936,0.9533377254730103,0.33718341810424374,0.21466516678850123,0.9771183712278191
hotels,P-5314,post,Fake,Real,False,2.968491554260254,0.5024701207678938,0.9419203233432675,0.016601037671892766,0.05584613820718964,0.9955129838492254
skype,P-5314,post,Real,Real,True,4.340861558914185,0.5140145001012953,0.9655889042896336,0.0312757651350272,0.08690081148767005,0.9722925194928504
bestbuy,P-5315,pre,Fake,Real,False,3.0513365268707275,0.541578858999112,0.8423175908079896,0.13087608746491272,0.3140118366184083,0.8791099211051372
ups,P-5315,pre,Real,Real,True,2.589857339859009,0.5400905355549765,0.8988608488871557,0.010973611864746532,0.2873788995367653,0.9631487819312383
apple,P-5315,pre,Fake,Fake,True,2.7647721767425537,0.5363093857917739,0.8989634547247899,0.0265051156862389,0.2940935696003628,0.9256754031557038
skype,P-5315,pre,Difficult Fake,Fake,True,3.0523030757904053,0.5140145001012953,0.9655889042896336,0.0312757651350272,0.08690081148767005,0.9722925194928504
ebay,P-5315,pre,Real,Real,True,4.183926343917847,0.5330837499596305,0.9005510596100494,0.03266517762789,0.24716270666302664,0.9519560559375563
netflix,P-5315,pre,Fake,Fake,True,2.7111332416534424,0.5130550606137206,0.47926146220162313,0.9971096238993677,0.5711566253327873,0.004692531021104333
twitter,P-5315,pre,Difficult Fake,Fake,True,4.95524001121521,0.6205761703983936,0.9533377254730103,0.33718341810424374,0.21466516678850123,0.9771183712278191
linkedin,P-5315,pre,Fake,Fake,True,3.508084297180176,0.5138002403902081,0.9080207263550593,0.0180569902349888,0.16471096476187982,0.9644122802089047
instagram,P-5315,pre,Fake,Real,False,4.737060070037842,0.5242839895497001,0.916035982244601,0.0064927530142710995,0.19680130861652698,0.9778059143234014
ups,P-5315,pre,Difficult Fake,Fake,True,2.986919403076172,0.5400905355549765,0.8988608488871557,0.010973611864746532,0.2873788995367653,0.9631487819312383
facebook,P-5315,pre,Difficult Fake,Fake,True,4.251432180404663,0.49908667713322474,0.8633932028907103,0.024936751984340335,0.14521536388043557,0.9628013897774131
facebook,P-5315,pre,Real,Real,True,3.7140800952911377,0.49908667713322474,0.8633932028907103,0.024936751984340335,0.14521536388043557,0.9628013897774131
wellsfargo,P-5315,pre,Real,Fake,False,3.415332555770874,0.5492560496276766,0.19612107178083335,0.6586137082568101,0.8719596288923929,0.47032978958066995
skype,P-5315,pre,Difficult Fake,Fake,True,2.850602626800537,0.5140145001012953,0.9655889042896336,0.0312757651350272,0.08690081148767005,0.9722925194928504
americanexpress,P-5315,pre,Difficult Fake,Fake,True,4.046451091766357,0.5673661109484304,0.8643417735120829,0.09378232613158714,0.392484996787229,0.9188553473628226
netflix,P-5315,pre,Difficult Fake,Fake,True,2.9269466400146484,0.5130550606137206,0.47926146220162313,0.9971096238993677,0.5711566253327873,0.004692531021104333
hotels,P-5315,pre,Fake,Real,False,3.701185941696167,0.5024701207678938,0.9419203233432675,0.016601037671892766,0.05584613820718964,0.9955129838492254
instagram,P-5315,pre,Real,Real,True,3.2922096252441406,0.5242839895497001,0.916035982244601,0.0064927530142710995,0.19680130861652698,0.9778059143234014
amazon,P-5315,pre,Real,Real,True,4.713194847106934,0.5134186655220626,0.922052795023912,0.0032455432234421,0.14639001915511643,0.9819863046857796
dropbox,P-5315,pre,Fake,Fake,True,2.295513391494751,0.570963645453162,0.9322445823156901,0.028693096387216333,0.3863434840710916,0.9365734190386502
skype,P-5315,post,Real,Real,True,2.399078130722046,0.5140145001012953,0.9655889042896336,0.0312757651350272,0.08690081148767005,0.9722925194928504
paypal,P-5315,post,Fake,Real,False,2.323438882827759,0.5031309753907608,0.9902418481681048,0.015572687487858498,0.0220813819720949,0.9846279839349852
ebay,P-5315,post,Difficult Fake,Real,False,3.862070322036743,0.5330837499596305,0.9005510596100494,0.03266517762789,0.24716270666302664,0.9519560559375563
amazon,P-5315,post,Fake,Real,False,4.124625205993652,0.5134186655220626,0.922052795023912,0.0032455432234421,0.14639001915511643,0.9819863046857796
americanexpress,P-5315,post,Fake,Fake,True,2.329246997833252,0.5673661109484304,0.8643417735120829,0.09378232613158714,0.392484996787229,0.9188553473628226
paypal,P-5315,post,Fake,Fake,True,2.862870693206787,0.5031309753907608,0.9902418481681048,0.015572687487858498,0.0220813819720949,0.9846279839349852
macys,P-5315,post,Real,Real,True,2.082763433456421,0.538417858578497,0.9057703520819028,0.006236204807042833,0.2791750789128578,0.9624897985121845
ebay,P-5315,post,Fake,Fake,True,2.798841714859009,0.5330837499596305,0.9005510596100494,0.03266517762789,0.24716270666302664,0.9519560559375563
americanexpress,P-5315,post,Real,Real,True,2.9004571437835693,0.5673661109484304,0.8643417735120829,0.09378232613158714,0.392484996787229,0.9188553473628226
bestbuy,P-5315,post,Difficult Fake,Real,False,2.3814618587493896,0.541578858999112,0.8423175908079896,0.13087608746491272,0.3140118366184083,0.8791099211051372
dropbox,P-5315,post,Difficult Fake,Real,False,2.23504900932312,0.570963645453162,0.9322445823156901,0.028693096387216333,0.3863434840710916,0.9365734190386502
macys,P-5315,post,Real,Real,True,2.375272035598755,0.538417858578497,0.9057703520819028,0.006236204807042833,0.2791750789128578,0.9624897985121845
skype,P-5315,post,Fake,Real,False,3.9245777130126953,0.5140145001012953,0.9655889042896336,0.0312757651350272,0.08690081148767005,0.9722925194928504
chase,P-5315,post,Real,Real,True,2.54079818725586,0.7040938715745643,0.8729460616033241,0.824960984883746,0.7016732815980432,0.41679515821314306
netflix,P-5315,post,Real,Real,True,3.6754677295684814,0.5130550606137206,0.47926146220162313,0.9971096238993677,0.5711566253327873,0.004692531021104333
bestbuy,P-5315,post,Difficult Fake,Fake,True,3.0803747177124023,0.541578858999112,0.8423175908079896,0.13087608746491272,0.3140118366184083,0.8791099211051372
facebook,P-5315,post,Fake,Real,False,3.6391193866729736,0.49908667713322474,0.8633932028907103,0.024936751984340335,0.14521536388043557,0.9628013897774131
macys,P-5315,post,Real,Real,True,2.6551787853240967,0.538417858578497,0.9057703520819028,0.006236204807042833,0.2791750789128578,0.9624897985121845
chase,P-5315,post,Real,Real,True,1.9575510025024412,0.7040938715745643,0.8729460616033241,0.824960984883746,0.7016732815980432,0.41679515821314306
chase,P-5316,pre,Fake,Fake,True,3.2625844478607178,0.7040938715745643,0.8729460616033241,0.824960984883746,0.7016732815980432,0.41679515821314306
skype,P-5316,pre,Fake,Fake,True,3.617636442184448,0.5140145001012953,0.9655889042896336,0.0312757651350272,0.08690081148767005,0.9722925194928504
twitter,P-5316,pre,Real,Real,True,3.7060043811798096,0.6205761703983936,0.9533377254730103,0.33718341810424374,0.21466516678850123,0.9771183712278191
paypal,P-5316,pre,Fake,Fake,True,2.671583652496338,0.5031309753907608,0.9902418481681048,0.015572687487858498,0.0220813819720949,0.9846279839349852
skype,P-5316,pre,Fake,Fake,True,2.9252030849456787,0.5140145001012953,0.9655889042896336,0.0312757651350272,0.08690081148767005,0.9722925194928504
chase,P-5316,pre,Real,Real,True,2.211902618408203,0.7040938715745643,0.8729460616033241,0.824960984883746,0.7016732815980432,0.41679515821314306
paypal,P-5316,pre,Difficult Fake,Fake,True,2.201775550842285,0.5031309753907608,0.9902418481681048,0.015572687487858498,0.0220813819720949,0.9846279839349852
facebook,P-5316,pre,Fake,Fake,True,3.4405200481414795,0.49908667713322474,0.8633932028907103,0.024936751984340335,0.14521536388043557,0.9628013897774131
walmart,P-5316,pre,Fake,Real,False,2.97768783569336,0.5162666455693107,0.9612347424909798,0.014021884647266366,0.1134020911408364,0.9764078639981598
americanexpress,P-5316,pre,Difficult Fake,Fake,True,2.3544533252716064,0.5673661109484304,0.8643417735120829,0.09378232613158714,0.392484996787229,0.9188553473628226
hotels,P-5316,pre,Difficult Fake,Fake,True,3.688957691192627,0.5024701207678938,0.9419203233432675,0.016601037671892766,0.05584613820718964,0.9955129838492254
facebook,P-5316,pre,Real,Real,True,2.869765043258667,0.49908667713322474,0.8633932028907103,0.024936751984340335,0.14521536388043557,0.9628013897774131
walmart,P-5316,pre,Real,Fake,False,5.361750602722168,0.5162666455693107,0.9612347424909798,0.014021884647266366,0.1134020911408364,0.9764078639981598
americanexpress,P-5316,pre,Real,Real,True,2.54569673538208,0.5673661109484304,0.8643417735120829,0.09378232613158714,0.392484996787229,0.9188553473628226
instagram,P-5316,pre,Fake,Real,False,2.5621798038482666,0.5242839895497001,0.916035982244601,0.0064927530142710995,0.19680130861652698,0.9778059143234014
chase,P-5316,pre,Fake,Fake,True,2.948103666305542,0.7040938715745643,0.8729460616033241,0.824960984883746,0.7016732815980432,0.41679515821314306
hotels,P-5316,pre,Real,Real,True,2.1618454456329346,0.5024701207678938,0.9419203233432675,0.016601037671892766,0.05584613820718964,0.9955129838492254
twitter,P-5316,pre,Fake,Real,False,2.2816922664642334,0.6205761703983936,0.9533377254730103,0.33718341810424374,0.21466516678850123,0.9771183712278191
paypal,P-5316,pre,Real,Real,True,2.36979603767395,0.5031309753907608,0.9902418481681048,0.015572687487858498,0.0220813819720949,0.9846279839349852
macys,P-5316,post,Difficult Fake,Real,False,2.3274054527282715,0.538417858578497,0.9057703520819028,0.006236204807042833,0.2791750789128578,0.9624897985121845
bestbuy,P-5316,post,Real,Real,True,0.5966503620147705,0.541578858999112,0.8423175908079896,0.13087608746491272,0.3140118366184083,0.8791099211051372
ebay,P-5316,post,Difficult Fake,Real,False,0.8655807971954346,0.5330837499596305,0.9005510596100494,0.03266517762789,0.24716270666302664,0.9519560559375563
skype,P-5316,post,Difficult Fake,Real,False,1.0547780990600586,0.5140145001012953,0.9655889042896336,0.0312757651350272,0.08690081148767005,0.9722925194928504
dropbox,P-5316,post,Fake,Real,False,0.9782660007476808,0.570963645453162,0.9322445823156901,0.028693096387216333,0.3863434840710916,0.9365734190386502
walmart,P-5316,post,Difficult Fake,Real,False,1.815948247909546,0.5162666455693107,0.9612347424909798,0.014021884647266366,0.1134020911408364,0.9764078639981598
hotels,P-5316,post,Fake,Real,False,1.9137561321258545,0.5024701207678938,0.9419203233432675,0.016601037671892766,0.05584613820718964,0.9955129838492254
bestbuy,P-5316,post,Real,Real,True,2.2110297679901123,0.541578858999112,0.8423175908079896,0.13087608746491272,0.3140118366184083,0.8791099211051372
walmart,P-5316,post,Difficult Fake,Real,False,1.8873555660247805,0.5162666455693107,0.9612347424909798,0.014021884647266366,0.1134020911408364,0.9764078639981598
bestbuy,P-5316,post,Difficult Fake,Real,False,2.504248142242432,0.541578858999112,0.8423175908079896,0.13087608746491272,0.3140118366184083,0.8791099211051372
macys,P-5316,post,Real,Real,True,1.9255731105804443,0.538417858578497,0.9057703520819028,0.006236204807042833,0.2791750789128578,0.9624897985121845
bestbuy,P-5316,post,Fake,Real,False,2.798543930053711,0.541578858999112,0.8423175908079896,0.13087608746491272,0.3140118366184083,0.8791099211051372
ups,P-5316,post,Difficult Fake,Fake,True,2.399770975112915,0.5400905355549765,0.8988608488871557,0.010973611864746532,0.2873788995367653,0.9631487819312383
ups,P-5316,post,Fake,Fake,True,2.242722272872925,0.5400905355549765,0.8988608488871557,0.010973611864746532,0.2873788995367653,0.9631487819312383
ups,P-5316,post,Fake,Fake,True,2.376940965652466,0.5400905355549765,0.8988608488871557,0.010973611864746532,0.2873788995367653,0.9631487819312383
amazon,P-5316,post,Difficult Fake,Fake,True,2.4989609718322754,0.5134186655220626,0.922052795023912,0.0032455432234421,0.14639001915511643,0.9819863046857796
bestbuy,P-5316,post,Difficult Fake,Real,False,4.535870790481567,0.541578858999112,0.8423175908079896,0.13087608746491272,0.3140118366184083,0.8791099211051372
bestbuy,P-5316,post,Difficult Fake,Fake,True,2.1376349925994877,0.541578858999112,0.8423175908079896,0.13087608746491272,0.3140118366184083,0.8791099211051372
dropbox,P-5317,pre,Difficult Fake,Fake,True,3.547560691833496,0.570963645453162,0.9322445823156901,0.028693096387216333,0.3863434840710916,0.9365734190386502
netflix,P-5317,pre,Fake,Fake,True,3.466712474822998,0.5130550606137206,0.47926146220162313,0.9971096238993677,0.5711566253327873,0.004692531021104333
apple,P-5317,pre,Difficult Fake,Fake,True,2.168726921081543,0.5363093857917739,0.8989634547247899,0.0265051156862389,0.2940935696003628,0.9256754031557038
chase,P-5317,pre,Fake,Fake,True,3.109438896179199,0.7040938715745643,0.8729460616033241,0.824960984883746,0.7016732815980432,0.41679515821314306
americanexpress,P-5317,pre,Fake,Fake,True,1.925692796707153,0.5673661109484304,0.8643417735120829,0.09378232613158714,0.392484996787229,0.9188553473628226
paypal,P-5317,pre,Fake,Fake,True,2.408242464065552,0.5031309753907608,0.9902418481681048,0.015572687487858498,0.0220813819720949,0.9846279839349852
wellsfargo,P-5317,pre,Difficult Fake,Real,False,3.194985866546631,0.5492560496276766,0.19612107178083335,0.6586137082568101,0.8719596288923929,0.47032978958066995
instagram,P-5317,pre,Fake,Real,False,4.199711084365845,0.5242839895497001,0.916035982244601,0.0064927530142710995,0.19680130861652698,0.9778059143234014
wellsfargo,P-5317,pre,Real,Real,True,3.091876983642578,0.5492560496276766,0.19612107178083335,0.6586137082568101,0.8719596288923929,0.47032978958066995
ebay,P-5317,pre,Real,Real,True,4.059652328491211,0.5330837499596305,0.9005510596100494,0.03266517762789,0.24716270666302664,0.9519560559375563
walmart,P-5317,pre,Real,Real,True,3.077855348587036,0.5162666455693107,0.9612347424909798,0.014021884647266366,0.1134020911408364,0.9764078639981598
linkedin,P-5317,pre,Fake,Fake,True,2.250378370285034,0.5138002403902081,0.9080207263550593,0.0180569902349888,0.16471096476187982,0.9644122802089047
dropbox,P-5317,pre,Difficult Fake,Fake,True,2.140568256378174,0.570963645453162,0.9322445823156901,0.028693096387216333,0.3863434840710916,0.9365734190386502
bestbuy,P-5317,pre,Fake,Real,False,2.697359800338745,0.541578858999112,0.8423175908079896,0.13087608746491272,0.3140118366184083,0.8791099211051372
netflix,P-5317,pre,Difficult Fake,Fake,True,2.0961265563964844,0.5130550606137206,0.47926146220162313,0.9971096238993677,0.5711566253327873,0.004692531021104333
facebook,P-5317,pre,Fake,Real,False,2.13814377784729,0.49908667713322474,0.8633932028907103,0.024936751984340335,0.14521536388043557,0.9628013897774131
skype,P-5317,pre,Difficult Fake,Fake,True,2.3503448963165283,0.5140145001012953,0.9655889042896336,0.0312757651350272,0.08690081148767005,0.9722925194928504
ups,P-5317,pre,Real,Real,True,2.5092172622680664,0.5400905355549765,0.8988608488871557,0.010973611864746532,0.2873788995367653,0.9631487819312383
netflix,P-5317,pre,Real,Real,True,1.8237426280975344,0.5130550606137206,0.47926146220162313,0.9971096238993677,0.5711566253327873,0.004692531021104333
linkedin,P-5317,pre,Fake,Fake,True,3.086120367050171,0.5138002403902081,0.9080207263550593,0.0180569902349888,0.16471096476187982,0.9644122802089047
linkedin,P-5317,post,Real,Real,True,2.4596610069274902,0.5138002403902081,0.9080207263550593,0.0180569902349888,0.16471096476187982,0.9644122802089047
linkedin,P-5317,post,Difficult Fake,Real,False,2.059465169906616,0.5138002403902081,0.9080207263550593,0.0180569902349888,0.16471096476187982,0.9644122802089047
ebay,P-5317,post,Fake,Fake,True,3.5837793350219727,0.5330837499596305,0.9005510596100494,0.03266517762789,0.24716270666302664,0.9519560559375563
hotels,P-5317,post,Real,Real,True,2.8696208000183105,0.5024701207678938,0.9419203233432675,0.016601037671892766,0.05584613820718964,0.9955129838492254
walmart,P-5317,post,Fake,Real,False,0.6821820735931396,0.5162666455693107,0.9612347424909798,0.014021884647266366,0.1134020911408364,0.9764078639981598
skype,P-5317,post,Fake,Real,False,2.6039934158325195,0.5140145001012953,0.9655889042896336,0.0312757651350272,0.08690081148767005,0.9722925194928504
macys,P-5317,post,Difficult Fake,Fake,True,4.42007040977478,0.538417858578497,0.9057703520819028,0.006236204807042833,0.2791750789128578,0.9624897985121845
paypal,P-5317,post,Real,Real,True,2.4463469982147217,0.5031309753907608,0.9902418481681048,0.015572687487858498,0.0220813819720949,0.9846279839349852
linkedin,P-5317,post,Difficult Fake,Real,False,1.8986401557922363,0.5138002403902081,0.9080207263550593,0.0180569902349888,0.16471096476187982,0.9644122802089047
hotels,P-5317,post,Difficult Fake,Real,False,0.8260369300842285,0.5024701207678938,0.9419203233432675,0.016601037671892766,0.05584613820718964,0.9955129838492254
facebook,P-5317,post,Real,Real,True,0.9838616847991944,0.49908667713322474,0.8633932028907103,0.024936751984340335,0.14521536388043557,0.9628013897774131
dropbox,P-5317,post,Real,Real,True,1.7728493213653564,0.570963645453162,0.9322445823156901,0.028693096387216333,0.3863434840710916,0.9365734190386502
linkedin,P-5317,post,Real,Real,True,2.087514162063598,0.5138002403902081,0.9080207263550593,0.0180569902349888,0.16471096476187982,0.9644122802089047
chase,P-5317,post,Difficult Fake,Real,False,4.058188676834106,0.7040938715745643,0.8729460616033241,0.824960984883746,0.7016732815980432,0.41679515821314306
wellsfargo,P-5318,pre,Fake,Real,False,2.663006544113159,0.5492560496276766,0.19612107178083335,0.6586137082568101,0.8719596288923929,0.47032978958066995
amazon,P-5318,pre,Real,Real,True,2.040710687637329,0.5134186655220626,0.922052795023912,0.0032455432234421,0.14639001915511643,0.9819863046857796
twitter,P-5318,pre,Difficult Fake,Real,False,1.665511131286621,0.6205761703983936,0.9533377254730103,0.33718341810424374,0.21466516678850123,0.9771183712278191
paypal,P-5318,pre,Difficult Fake,Fake,True,2.4743006229400635,0.5031309753907608,0.9902418481681048,0.015572687487858498,0.0220813819720949,0.9846279839349852
chase,P-5318,pre,Fake,Fake,True,2.698620080947876,0.7040938715745643,0.8729460616033241,0.824960984883746,0.7016732815980432,0.41679515821314306
facebook,P-5318,pre,Real,Real,True,1.7064006328582764,0.49908667713322474,0.8633932028907103,0.024936751984340335,0.14521536388043557,0.9628013897774131
instagram,P-5318,pre,Real,Real,True,2.157191514968872,0.5242839895497001,0.916035982244601,0.0064927530142710995,0.19680130861652698,0.9778059143234014
twitter,P-5318,pre,Difficult Fake,Real,False,2.298946619033813,0.6205761703983936,0.9533377254730103,0.33718341810424374,0.21466516678850123,0.9771183712278191
facebook,P-5318,pre,Fake,Fake,True,2.7662999629974365,0.49908667713322474,0.8633932028907103,0.024936751984340335,0.14521536388043557,0.9628013897774131
ups,P-5318,pre,Difficult Fake,Fake,True,2.893503189086914,0.5400905355549765,0.8988608488871557,0.010973611864746532,0.2873788995367653,0.9631487819312383
linkedin,P-5318,pre,Difficult Fake,Fake,True,2.6587493419647217,0.5138002403902081,0.9080207263550593,0.0180569902349888,0.16471096476187982,0.9644122802089047
apple,P-5318,pre,Fake,Fake,True,2.892494440078736,0.5363093857917739,0.8989634547247899,0.0265051156862389,0.2940935696003628,0.9256754031557038
macys,P-5318,pre,Difficult Fake,Fake,True,2.2880120277404785,0.538417858578497,0.9057703520819028,0.006236204807042833,0.2791750789128578,0.9624897985121845
skype,P-5318,pre,Real,Fake,False,2.87422251701355,0.5140145001012953,0.9655889042896336,0.0312757651350272,0.08690081148767005,0.9722925194928504
bestbuy,P-5318,pre,Fake,Fake,True,2.7721598148345947,0.541578858999112,0.8423175908079896,0.13087608746491272,0.3140118366184083,0.8791099211051372
netflix,P-5318,pre,Difficult Fake,Fake,True,3.023310661315918,0.5130550606137206,0.47926146220162313,0.9971096238993677,0.5711566253327873,0.004692531021104333
wellsfargo,P-5318,pre,Real,Real,True,2.459735631942749,0.5492560496276766,0.19612107178083335,0.6586137082568101,0.8719596288923929,0.47032978958066995
wellsfargo,P-5318,pre,Fake,Real,False,4.237360715866089,0.5492560496276766,0.19612107178083335,0.6586137082568101,0.8719596288923929,0.47032978958066995
dropbox,P-5318,pre,Fake,Fake,True,2.089440107345581,0.570963645453162,0.9322445823156901,0.028693096387216333,0.3863434840710916,0.9365734190386502
walmart,P-5318,post,Real,Real,True,1.2129130363464355,0.5162666455693107,0.9612347424909798,0.014021884647266366,0.1134020911408364,0.9764078639981598
ups,P-5318,post,Real,Real,True,0.7053799629211426,0.5400905355549765,0.8988608488871557,0.010973611864746532,0.2873788995367653,0.9631487819312383
americanexpress,P-5318,post,Real,Real,True,0.4688813686370849,0.5673661109484304,0.8643417735120829,0.09378232613158714,0.392484996787229,0.9188553473628226
apple,P-5318,post,Difficult Fake,Real,False,0.5177810192108154,0.5363093857917739,0.8989634547247899,0.0265051156862389,0.2940935696003628,0.9256754031557038
netflix,P-5318,post,Real,Real,True,0.3535554409027099,0.5130550606137206,0.47926146220162313,0.9971096238993677,0.5711566253327873,0.004692531021104333
paypal,P-5318,post,Fake,Real,False,0.5424530506134033,0.5031309753907608,0.9902418481681048,0.015572687487858498,0.0220813819720949,0.9846279839349852
bestbuy,P-5318,post,Difficult Fake,Real,False,0.2130985260009765,0.541578858999112,0.8423175908079896,0.13087608746491272,0.3140118366184083,0.8791099211051372
skype,P-5318,post,Fake,Real,False,0.1028015613555908,0.5140145001012953,0.9655889042896336,0.0312757651350272,0.08690081148767005,0.9722925194928504
apple,P-5318,post,Difficult Fake,Real,False,0.1420679092407226,0.5363093857917739,0.8989634547247899,0.0265051156862389,0.2940935696003628,0.9256754031557038
chase,P-5318,post,Real,Real,True,0.2614789009094238,0.7040938715745643,0.8729460616033241,0.824960984883746,0.7016732815980432,0.41679515821314306
macys,P-5318,post,Real,Real,True,0.3506107330322265,0.538417858578497,0.9057703520819028,0.006236204807042833,0.2791750789128578,0.9624897985121845
apple,P-5318,post,Difficult Fake,Real,False,0.1785440444946289,0.5363093857917739,0.8989634547247899,0.0265051156862389,0.2940935696003628,0.9256754031557038
netflix,P-5318,post,Fake,Real,False,0.3016183376312256,0.5130550606137206,0.47926146220162313,0.9971096238993677,0.5711566253327873,0.004692531021104333
facebook,P-5318,post,Difficult Fake,Real,False,0.3049266338348388,0.49908667713322474,0.8633932028907103,0.024936751984340335,0.14521536388043557,0.9628013897774131
walmart,P-5318,post,Difficult Fake,Real,False,0.3069469928741455,0.5162666455693107,0.9612347424909798,0.014021884647266366,0.1134020911408364,0.9764078639981598
dropbox,P-5318,post,Difficult Fake,Real,False,0.4297196865081787,0.570963645453162,0.9322445823156901,0.028693096387216333,0.3863434840710916,0.9365734190386502
ebay,P-5318,post,Real,Real,True,0.7087745666503906,0.5330837499596305,0.9005510596100494,0.03266517762789,0.24716270666302664,0.9519560559375563
chase,P-5318,post,Real,Real,True,1.1294901371002195,0.7040938715745643,0.8729460616033241,0.824960984883746,0.7016732815980432,0.41679515821314306
facebook,P-5318,post,Difficult Fake,Real,False,0.8241782188415527,0.49908667713322474,0.8633932028907103,0.024936751984340335,0.14521536388043557,0.9628013897774131
amazon,P-5319,pre,Real,Real,True,2.773680686950684,0.5134186655220626,0.922052795023912,0.0032455432234421,0.14639001915511643,0.9819863046857796
apple,P-5319,pre,Real,Real,True,2.394796371459961,0.5363093857917739,0.8989634547247899,0.0265051156862389,0.2940935696003628,0.9256754031557038
walmart,P-5319,pre,Difficult Fake,Real,False,2.967097282409668,0.5162666455693107,0.9612347424909798,0.014021884647266366,0.1134020911408364,0.9764078639981598
linkedin,P-5319,pre,Real,Real,True,2.315873861312866,0.5138002403902081,0.9080207263550593,0.0180569902349888,0.16471096476187982,0.9644122802089047
linkedin,P-5319,pre,Fake,Fake,True,4.489759922027588,0.5138002403902081,0.9080207263550593,0.0180569902349888,0.16471096476187982,0.9644122802089047
walmart,P-5319,pre,Real,Real,True,2.283417224884033,0.5162666455693107,0.9612347424909798,0.014021884647266366,0.1134020911408364,0.9764078639981598
dropbox,P-5319,pre,Fake,Fake,True,3.928966522216797,0.570963645453162,0.9322445823156901,0.028693096387216333,0.3863434840710916,0.9365734190386502
macys,P-5319,pre,Real,Real,True,2.5093061923980717,0.538417858578497,0.9057703520819028,0.006236204807042833,0.2791750789128578,0.9624897985121845
amazon,P-5319,pre,Real,Real,True,2.3733816146850586,0.5134186655220626,0.922052795023912,0.0032455432234421,0.14639001915511643,0.9819863046857796
ups,P-5319,pre,Fake,Fake,True,3.2357337474823,0.5400905355549765,0.8988608488871557,0.010973611864746532,0.2873788995367653,0.9631487819312383
skype,P-5319,pre,Difficult Fake,Fake,True,3.014622449874878,0.5140145001012953,0.9655889042896336,0.0312757651350272,0.08690081148767005,0.9722925194928504
walmart,P-5319,pre,Real,Real,True,2.4810354709625244,0.5162666455693107,0.9612347424909798,0.014021884647266366,0.1134020911408364,0.9764078639981598
walmart,P-5319,pre,Difficult Fake,Fake,True,2.15448260307312,0.5162666455693107,0.9612347424909798,0.014021884647266366,0.1134020911408364,0.9764078639981598
netflix,P-5319,pre,Fake,Fake,True,2.724315643310547,0.5130550606137206,0.47926146220162313,0.9971096238993677,0.5711566253327873,0.004692531021104333
dropbox,P-5319,pre,Difficult Fake,Fake,True,2.000847101211548,0.570963645453162,0.9322445823156901,0.028693096387216333,0.3863434840710916,0.9365734190386502
dropbox,P-5319,pre,Fake,Fake,True,2.4187636375427246,0.570963645453162,0.9322445823156901,0.028693096387216333,0.3863434840710916,0.9365734190386502
twitter,P-5319,pre,Fake,Real,False,2.5616421699523926,0.6205761703983936,0.9533377254730103,0.33718341810424374,0.21466516678850123,0.9771183712278191
linkedin,P-5319,pre,Real,Real,True,2.3283674716949463,0.5138002403902081,0.9080207263550593,0.0180569902349888,0.16471096476187982,0.9644122802089047
facebook,P-5319,post,Fake,Fake,True,5.690993785858154,0.49908667713322474,0.8633932028907103,0.024936751984340335,0.14521536388043557,0.9628013897774131
macys,P-5319,post,Fake,Fake,True,2.7888379096984863,0.538417858578497,0.9057703520819028,0.006236204807042833,0.2791750789128578,0.9624897985121845
dropbox,P-5319,post,Real,Fake,False,0.8872981071472168,0.570963645453162,0.9322445823156901,0.028693096387216333,0.3863434840710916,0.9365734190386502
macys,P-5319,post,Fake,Fake,True,0.4347176551818847,0.538417858578497,0.9057703520819028,0.006236204807042833,0.2791750789128578,0.9624897985121845
ebay,P-5319,post,Real,Real,True,2.763028144836426,0.5330837499596305,0.9005510596100494,0.03266517762789,0.24716270666302664,0.9519560559375563
chase,P-5319,post,Fake,Fake,True,0.389392614364624,0.7040938715745643,0.8729460616033241,0.824960984883746,0.7016732815980432,0.41679515821314306
macys,P-5319,post,Difficult Fake,Fake,True,1.629714012145996,0.538417858578497,0.9057703520819028,0.006236204807042833,0.2791750789128578,0.9624897985121845
paypal,P-5319,post,Difficult Fake,Fake,True,2.559670925140381,0.5031309753907608,0.9902418481681048,0.015572687487858498,0.0220813819720949,0.9846279839349852
instagram,P-5319,post,Real,Real,True,2.7866673469543457,0.5242839895497001,0.916035982244601,0.0064927530142710995,0.19680130861652698,0.9778059143234014
facebook,P-5319,post,Real,Fake,False,2.708014488220215,0.49908667713322474,0.8633932028907103,0.024936751984340335,0.14521536388043557,0.9628013897774131
macys,P-5319,post,Difficult Fake,Fake,True,2.5300405025482178,0.538417858578497,0.9057703520819028,0.006236204807042833,0.2791750789128578,0.9624897985121845
twitter,P-5319,post,Difficult Fake,Real,False,1.726654291152954,0.6205761703983936,0.9533377254730103,0.33718341810424374,0.21466516678850123,0.9771183712278191
chase,P-5319,post,Real,Real,True,2.118911027908325,0.7040938715745643,0.8729460616033241,0.824960984883746,0.7016732815980432,0.41679515821314306
facebook,P-5319,post,Difficult Fake,Fake,True,2.517399311065674,0.49908667713322474,0.8633932028907103,0.024936751984340335,0.14521536388043557,0.9628013897774131
ebay,P-5319,post,Real,Fake,False,2.022033452987671,0.5330837499596305,0.9005510596100494,0.03266517762789,0.24716270666302664,0.9519560559375563
twitter,P-5319,post,Real,Real,True,3.619060039520264,0.6205761703983936,0.9533377254730103,0.33718341810424374,0.21466516678850123,0.9771183712278191
apple,P-5319,post,Fake,Fake,True,2.4966342449188232,0.5363093857917739,0.8989634547247899,0.0265051156862389,0.2940935696003628,0.9256754031557038
macys,P-5319,post,Difficult Fake,Fake,True,4.960434913635254,0.538417858578497,0.9057703520819028,0.006236204807042833,0.2791750789128578,0.9624897985121845
ups,P-5319,post,Difficult Fake,Fake,True,2.712170362472534,0.5400905355549765,0.8988608488871557,0.010973611864746532,0.2873788995367653,0.9631487819312383
dropbox,P-5320,pre,Real,Real,True,2.707749366760254,0.570963645453162,0.9322445823156901,0.028693096387216333,0.3863434840710916,0.9365734190386502
macys,P-5320,pre,Real,Real,True,2.898797035217285,0.538417858578497,0.9057703520819028,0.006236204807042833,0.2791750789128578,0.9624897985121845
bestbuy,P-5320,pre,Difficult Fake,Fake,True,5.619808197021484,0.541578858999112,0.8423175908079896,0.13087608746491272,0.3140118366184083,0.8791099211051372
bestbuy,P-5320,pre,Difficult Fake,Real,False,3.30911922454834,0.541578858999112,0.8423175908079896,0.13087608746491272,0.3140118366184083,0.8791099211051372
skype,P-5320,pre,Real,Real,True,3.0151402950286865,0.5140145001012953,0.9655889042896336,0.0312757651350272,0.08690081148767005,0.9722925194928504
chase,P-5320,pre,Fake,Fake,True,3.078348398208618,0.7040938715745643,0.8729460616033241,0.824960984883746,0.7016732815980432,0.41679515821314306
chase,P-5320,pre,Fake,Real,False,2.978616237640381,0.7040938715745643,0.8729460616033241,0.824960984883746,0.7016732815980432,0.41679515821314306
dropbox,P-5320,pre,Real,Real,True,3.91694712638855,0.570963645453162,0.9322445823156901,0.028693096387216333,0.3863434840710916,0.9365734190386502
netflix,P-5320,pre,Difficult Fake,Real,False,1.7739341259002686,0.5130550606137206,0.47926146220162313,0.9971096238993677,0.5711566253327873,0.004692531021104333
dropbox,P-5320,pre,Difficult Fake,Fake,True,3.431426763534546,0.570963645453162,0.9322445823156901,0.028693096387216333,0.3863434840710916,0.9365734190386502
walmart,P-5320,pre,Fake,Fake,True,4.657392978668213,0.5162666455693107,0.9612347424909798,0.014021884647266366,0.1134020911408364,0.9764078639981598
linkedin,P-5320,pre,Fake,Fake,True,2.43872332572937,0.5138002403902081,0.9080207263550593,0.0180569902349888,0.16471096476187982,0.9644122802089047
netflix,P-5320,pre,Difficult Fake,Fake,True,3.609684467315674,0.5130550606137206,0.47926146220162313,0.9971096238993677,0.5711566253327873,0.004692531021104333
ebay,P-5320,pre,Real,Fake,False,2.649397134780884,0.5330837499596305,0.9005510596100494,0.03266517762789,0.24716270666302664,0.9519560559375563
apple,P-5320,pre,Fake,Fake,True,2.532110929489136,0.5363093857917739,0.8989634547247899,0.0265051156862389,0.2940935696003628,0.9256754031557038
ebay,P-5320,pre,Real,Real,True,3.5665597915649414,0.5330837499596305,0.9005510596100494,0.03266517762789,0.24716270666302664,0.9519560559375563
facebook,P-5320,pre,Fake,Fake,True,3.44057846069336,0.49908667713322474,0.8633932028907103,0.024936751984340335,0.14521536388043557,0.9628013897774131
twitter,P-5320,pre,Real,Real,True,2.3304738998413086,0.6205761703983936,0.9533377254730103,0.33718341810424374,0.21466516678850123,0.9771183712278191
apple,P-5320,pre,Difficult Fake,Fake,True,2.199571132659912,0.5363093857917739,0.8989634547247899,0.0265051156862389,0.2940935696003628,0.9256754031557038
walmart,P-5320,post,Difficult Fake,Real,False,2.7770705223083496,0.5162666455693107,0.9612347424909798,0.014021884647266366,0.1134020911408364,0.9764078639981598
instagram,P-5320,post,Difficult Fake,Real,False,1.0755386352539062,0.5242839895497001,0.916035982244601,0.0064927530142710995,0.19680130861652698,0.9778059143234014
instagram,P-5320,post,Difficult Fake,Real,False,1.2300329208374023,0.5242839895497001,0.916035982244601,0.0064927530142710995,0.19680130861652698,0.9778059143234014
linkedin,P-5320,post,Difficult Fake,Real,False,3.600055932998657,0.5138002403902081,0.9080207263550593,0.0180569902349888,0.16471096476187982,0.9644122802089047
wellsfargo,P-5320,post,Difficult Fake,Real,False,1.944605588912964,0.5492560496276766,0.19612107178083335,0.6586137082568101,0.8719596288923929,0.47032978958066995
linkedin,P-5320,post,Real,Real,True,0.9079678058624268,0.5138002403902081,0.9080207263550593,0.0180569902349888,0.16471096476187982,0.9644122802089047
bestbuy,P-5320,post,Real,Real,True,1.186955451965332,0.541578858999112,0.8423175908079896,0.13087608746491272,0.3140118366184083,0.8791099211051372
linkedin,P-5320,post,Difficult Fake,Real,False,0.8073792457580566,0.5138002403902081,0.9080207263550593,0.0180569902349888,0.16471096476187982,0.9644122802089047
ebay,P-5320,post,Difficult Fake,Fake,True,2.328965187072754,0.5330837499596305,0.9005510596100494,0.03266517762789,0.24716270666302664,0.9519560559375563
bestbuy,P-5320,post,Real,Real,True,2.7862768173217773,0.541578858999112,0.8423175908079896,0.13087608746491272,0.3140118366184083,0.8791099211051372
netflix,P-5320,post,Fake,Real,False,2.9855966567993164,0.5130550606137206,0.47926146220162313,0.9971096238993677,0.5711566253327873,0.004692531021104333
chase,P-5320,post,Real,Real,True,2.5523669719696045,0.7040938715745643,0.8729460616033241,0.824960984883746,0.7016732815980432,0.41679515821314306
paypal,P-5320,post,Difficult Fake,Fake,True,2.378138780593872,0.5031309753907608,0.9902418481681048,0.015572687487858498,0.0220813819720949,0.9846279839349852
hotels,P-5320,post,Real,Real,True,2.250393867492676,0.5024701207678938,0.9419203233432675,0.016601037671892766,0.05584613820718964,0.9955129838492254
linkedin,P-5320,post,Real,Real,True,2.123695373535156,0.5138002403902081,0.9080207263550593,0.0180569902349888,0.16471096476187982,0.9644122802089047
ups,P-5320,post,Difficult Fake,Real,False,2.197116613388061,0.5400905355549765,0.8988608488871557,0.010973611864746532,0.2873788995367653,0.9631487819312383
ebay,P-5320,post,Difficult Fake,Fake,True,3.5622434616088867,0.5330837499596305,0.9005510596100494,0.03266517762789,0.24716270666302664,0.9519560559375563
hotels,P-5320,post,Real,Real,True,4.463058471679688,0.5024701207678938,0.9419203233432675,0.016601037671892766,0.05584613820718964,0.9955129838492254
facebook,P-5320,post,Difficult Fake,Fake,True,2.850883960723877,0.49908667713322474,0.8633932028907103,0.024936751984340335,0.14521536388043557,0.9628013897774131
walmart,P-5321,pre,Fake,Fake,True,3.841210126876831,0.5162666455693107,0.9612347424909798,0.014021884647266366,0.1134020911408364,0.9764078639981598
amazon,P-5321,pre,Real,Real,True,4.890407562255859,0.5134186655220626,0.922052795023912,0.0032455432234421,0.14639001915511643,0.9819863046857796
netflix,P-5321,pre,Fake,Fake,True,3.98811411857605,0.5130550606137206,0.47926146220162313,0.9971096238993677,0.5711566253327873,0.004692531021104333
dropbox,P-5321,pre,Real,Real,True,3.244065999984741,0.570963645453162,0.9322445823156901,0.028693096387216333,0.3863434840710916,0.9365734190386502
bestbuy,P-5321,pre,Real,Real,True,3.8167409896850586,0.541578858999112,0.8423175908079896,0.13087608746491272,0.3140118366184083,0.8791099211051372
macys,P-5321,pre,Difficult Fake,Fake,True,2.785233497619629,0.538417858578497,0.9057703520819028,0.006236204807042833,0.2791750789128578,0.9624897985121845
bestbuy,P-5321,pre,Difficult Fake,Fake,True,4.392899751663208,0.541578858999112,0.8423175908079896,0.13087608746491272,0.3140118366184083,0.8791099211051372
linkedin,P-5321,pre,Fake,Fake,True,3.865092039108277,0.5138002403902081,0.9080207263550593,0.0180569902349888,0.16471096476187982,0.9644122802089047
chase,P-5321,pre,Difficult Fake,Fake,True,2.9278595447540283,0.7040938715745643,0.8729460616033241,0.824960984883746,0.7016732815980432,0.41679515821314306
ebay,P-5321,pre,Real,Fake,False,3.694359540939331,0.5330837499596305,0.9005510596100494,0.03266517762789,0.24716270666302664,0.9519560559375563
walmart,P-5321,pre,Real,Real,True,2.8531858921051025,0.5162666455693107,0.9612347424909798,0.014021884647266366,0.1134020911408364,0.9764078639981598
wellsfargo,P-5321,pre,Real,Fake,False,3.920567750930786,0.5492560496276766,0.19612107178083335,0.6586137082568101,0.8719596288923929,0.47032978958066995
skype,P-5321,pre,Fake,Real,False,3.7833967208862314,0.5140145001012953,0.9655889042896336,0.0312757651350272,0.08690081148767005,0.9722925194928504
paypal,P-5321,pre,Difficult Fake,Fake,True,1.828877687454224,0.5031309753907608,0.9902418481681048,0.015572687487858498,0.0220813819720949,0.9846279839349852
facebook,P-5321,pre,Difficult Fake,Fake,True,5.529894590377808,0.49908667713322474,0.8633932028907103,0.024936751984340335,0.14521536388043557,0.9628013897774131
amazon,P-5321,pre,Difficult Fake,Fake,True,3.2153892517089844,0.5134186655220626,0.922052795023912,0.0032455432234421,0.14639001915511643,0.9819863046857796
instagram,P-5321,pre,Real,Real,True,3.48972487449646,0.5242839895497001,0.916035982244601,0.0064927530142710995,0.19680130861652698,0.9778059143234014
chase,P-5321,pre,Difficult Fake,Fake,True,2.141602039337158,0.7040938715745643,0.8729460616033241,0.824960984883746,0.7016732815980432,0.41679515821314306
facebook,P-5321,pre,Real,Real,True,3.164522409439087,0.49908667713322474,0.8633932028907103,0.024936751984340335,0.14521536388043557,0.9628013897774131
ebay,P-5321,pre,Fake,Fake,True,4.636807680130005,0.5330837499596305,0.9005510596100494,0.03266517762789,0.24716270666302664,0.9519560559375563
chase,P-5321,post,Fake,Real,False,3.069547414779663,0.7040938715745643,0.8729460616033241,0.824960984883746,0.7016732815980432,0.41679515821314306
walmart,P-5321,post,Difficult Fake,Real,False,1.4772968292236328,0.5162666455693107,0.9612347424909798,0.014021884647266366,0.1134020911408364,0.9764078639981598
paypal,P-5321,post,Fake,Fake,True,2.047325134277344,0.5031309753907608,0.9902418481681048,0.015572687487858498,0.0220813819720949,0.9846279839349852
americanexpress,P-5321,post,Fake,Real,False,2.6026947498321533,0.5673661109484304,0.8643417735120829,0.09378232613158714,0.392484996787229,0.9188553473628226
skype,P-5321,post,Real,Real,True,2.319934368133545,0.5140145001012953,0.9655889042896336,0.0312757651350272,0.08690081148767005,0.9722925194928504
linkedin,P-5321,post,Real,Real,True,1.644291639328003,0.5138002403902081,0.9080207263550593,0.0180569902349888,0.16471096476187982,0.9644122802089047
apple,P-5321,post,Real,Real,True,2.296884775161743,0.5363093857917739,0.8989634547247899,0.0265051156862389,0.2940935696003628,0.9256754031557038
ups,P-5321,post,Difficult Fake,Fake,True,2.2231268882751465,0.5400905355549765,0.8988608488871557,0.010973611864746532,0.2873788995367653,0.9631487819312383
netflix,P-5321,post,Difficult Fake,Real,False,2.2717742919921875,0.5130550606137206,0.47926146220162313,0.9971096238993677,0.5711566253327873,0.004692531021104333
instagram,P-5321,post,Difficult Fake,Real,False,2.6118178367614746,0.5242839895497001,0.916035982244601,0.0064927530142710995,0.19680130861652698,0.9778059143234014
walmart,P-5321,post,Difficult Fake,Fake,True,4.579740762710571,0.5162666455693107,0.9612347424909798,0.014021884647266366,0.1134020911408364,0.9764078639981598
instagram,P-5321,post,Difficult Fake,Real,False,3.980797529220581,0.5242839895497001,0.916035982244601,0.0064927530142710995,0.19680130861652698,0.9778059143234014
ups,P-5321,post,Difficult Fake,Real,False,2.6541714668273926,0.5400905355549765,0.8988608488871557,0.010973611864746532,0.2873788995367653,0.9631487819312383
americanexpress,P-5321,post,Difficult Fake,Real,False,5.753455638885498,0.5673661109484304,0.8643417735120829,0.09378232613158714,0.392484996787229,0.9188553473628226
americanexpress,P-5321,post,Fake,Real,False,2.697729587554932,0.5673661109484304,0.8643417735120829,0.09378232613158714,0.392484996787229,0.9188553473628226
ebay,P-5321,post,Difficult Fake,Fake,True,1.9115090370178225,0.5330837499596305,0.9005510596100494,0.03266517762789,0.24716270666302664,0.9519560559375563
chase,P-5321,post,Real,Real,True,2.0252254009246826,0.7040938715745643,0.8729460616033241,0.824960984883746,0.7016732815980432,0.41679515821314306
skype,P-5321,post,Real,Real,True,2.3072710037231445,0.5140145001012953,0.9655889042896336,0.0312757651350272,0.08690081148767005,0.9722925194928504
ebay,P-5322,pre,Difficult Fake,Fake,True,3.1669418811798096,0.5330837499596305,0.9005510596100494,0.03266517762789,0.24716270666302664,0.9519560559375563
ebay,P-5322,pre,Fake,Fake,True,3.9159095287323,0.5330837499596305,0.9005510596100494,0.03266517762789,0.24716270666302664,0.9519560559375563
facebook,P-5322,pre,Real,Real,True,2.2678110599517822,0.49908667713322474,0.8633932028907103,0.024936751984340335,0.14521536388043557,0.9628013897774131
netflix,P-5322,pre,Fake,Fake,True,4.2246458530426025,0.5130550606137206,0.47926146220162313,0.9971096238993677,0.5711566253327873,0.004692531021104333
facebook,P-5322,pre,Real,Real,True,2.2635090351104736,0.49908667713322474,0.8633932028907103,0.024936751984340335,0.14521536388043557,0.9628013897774131
wellsfargo,P-5322,pre,Difficult Fake,Fake,True,4.026685476303101,0.5492560496276766,0.19612107178083335,0.6586137082568101,0.8719596288923929,0.47032978958066995
linkedin,P-5322,pre,Difficult Fake,Fake,True,2.255740165710449,0.5138002403902081,0.9080207263550593,0.0180569902349888,0.16471096476187982,0.9644122802089047
ebay,P-5322,pre,Real,Real,True,4.275686502456665,0.5330837499596305,0.9005510596100494,0.03266517762789,0.24716270666302664,0.9519560559375563
chase,P-5322,pre,Fake,Fake,True,2.1092123985290527,0.7040938715745643,0.8729460616033241,0.824960984883746,0.7016732815980432,0.41679515821314306
wellsfargo,P-5322,pre,Difficult Fake,Fake,True,4.160539150238037,0.5492560496276766,0.19612107178083335,0.6586137082568101,0.8719596288923929,0.47032978958066995
chase,P-5322,pre,Difficult Fake,Fake,True,2.294273614883423,0.7040938715745643,0.8729460616033241,0.824960984883746,0.7016732815980432,0.41679515821314306
facebook,P-5322,pre,Difficult Fake,Fake,True,2.9204952716827397,0.49908667713322474,0.8633932028907103,0.024936751984340335,0.14521536388043557,0.9628013897774131
wellsfargo,P-5322,pre,Fake,Fake,True,4.286745548248291,0.5492560496276766,0.19612107178083335,0.6586137082568101,0.8719596288923929,0.47032978958066995
walmart,P-5322,pre,Real,Real,True,3.322685480117798,0.5162666455693107,0.9612347424909798,0.014021884647266366,0.1134020911408364,0.9764078639981598
paypal,P-5322,pre,Fake,Fake,True,2.7543270587921143,0.5031309753907608,0.9902418481681048,0.015572687487858498,0.0220813819720949,0.9846279839349852
facebook,P-5322,pre,Real,Real,True,1.985330581665039,0.49908667713322474,0.8633932028907103,0.024936751984340335,0.14521536388043557,0.9628013897774131
americanexpress,P-5322,pre,Difficult Fake,Fake,True,3.191184759140014,0.5673661109484304,0.8643417735120829,0.09378232613158714,0.392484996787229,0.9188553473628226
skype,P-5322,pre,Fake,Fake,True,2.710127115249634,0.5140145001012953,0.9655889042896336,0.0312757651350272,0.08690081148767005,0.9722925194928504
paypal,P-5322,post,Difficult Fake,Real,False,3.733285188674927,0.5031309753907608,0.9902418481681048,0.015572687487858498,0.0220813819720949,0.9846279839349852
ups,P-5322,post,Real,Real,True,1.8061342239379885,0.5400905355549765,0.8988608488871557,0.010973611864746532,0.2873788995367653,0.9631487819312383
amazon,P-5322,post,Fake,Real,False,1.1088945865631104,0.5134186655220626,0.922052795023912,0.0032455432234421,0.14639001915511643,0.9819863046857796
paypal,P-5322,post,Difficult Fake,Fake,True,0.9085214138031006,0.5031309753907608,0.9902418481681048,0.015572687487858498,0.0220813819720949,0.9846279839349852
americanexpress,P-5322,post,Real,Fake,False,1.0300989151000977,0.5673661109484304,0.8643417735120829,0.09378232613158714,0.392484996787229,0.9188553473628226
amazon,P-5322,post,Fake,Real,False,0.4907481670379638,0.5134186655220626,0.922052795023912,0.0032455432234421,0.14639001915511643,0.9819863046857796
apple,P-5322,post,Fake,Real,False,0.7851886749267578,0.5363093857917739,0.8989634547247899,0.0265051156862389,0.2940935696003628,0.9256754031557038
amazon,P-5322,post,Fake,Real,False,0.6968293190002441,0.5134186655220626,0.922052795023912,0.0032455432234421,0.14639001915511643,0.9819863046857796
americanexpress,P-5322,post,Fake,Fake,True,1.0115594863891602,0.5673661109484304,0.8643417735120829,0.09378232613158714,0.392484996787229,0.9188553473628226
hotels,P-5322,post,Real,Real,True,0.8559651374816895,0.5024701207678938,0.9419203233432675,0.016601037671892766,0.05584613820718964,0.9955129838492254
instagram,P-5322,post,Difficult Fake,Real,False,1.9323477745056152,0.5242839895497001,0.916035982244601,0.0064927530142710995,0.19680130861652698,0.9778059143234014
macys,P-5322,post,Fake,Real,False,1.858222484588623,0.538417858578497,0.9057703520819028,0.006236204807042833,0.2791750789128578,0.9624897985121845
macys,P-5322,post,Fake,Real,False,1.5490455627441406,0.538417858578497,0.9057703520819028,0.006236204807042833,0.2791750789128578,0.9624897985121845
bestbuy,P-5322,post,Fake,Real,False,3.4215986728668213,0.541578858999112,0.8423175908079896,0.13087608746491272,0.3140118366184083,0.8791099211051372
walmart,P-5322,post,Difficult Fake,Real,False,1.7718641757965088,0.5162666455693107,0.9612347424909798,0.014021884647266366,0.1134020911408364,0.9764078639981598
amazon,P-5322,post,Fake,Real,False,0.6502535343170166,0.5134186655220626,0.922052795023912,0.0032455432234421,0.14639001915511643,0.9819863046857796
linkedin,P-5322,post,Real,Real,True,0.7450251579284668,0.5138002403902081,0.9080207263550593,0.0180569902349888,0.16471096476187982,0.9644122802089047
netflix,P-5322,post,Difficult Fake,Real,False,1.7786009311676023,0.5130550606137206,0.47926146220162313,0.9971096238993677,0.5711566253327873,0.004692531021104333
facebook,P-5322,post,Fake,Real,False,1.8221187591552732,0.49908667713322474,0.8633932028907103,0.024936751984340335,0.14521536388043557,0.9628013897774131
walmart,P-5323,pre,Fake,Fake,True,2.987105131149292,0.5162666455693107,0.9612347424909798,0.014021884647266366,0.1134020911408364,0.9764078639981598
instagram,P-5323,pre,Real,Real,True,2.804447889328003,0.5242839895497001,0.916035982244601,0.0064927530142710995,0.19680130861652698,0.9778059143234014
amazon,P-5323,pre,Difficult Fake,Fake,True,4.208070755004883,0.5134186655220626,0.922052795023912,0.0032455432234421,0.14639001915511643,0.9819863046857796
amazon,P-5323,pre,Real,Real,True,4.162635326385498,0.5134186655220626,0.922052795023912,0.0032455432234421,0.14639001915511643,0.9819863046857796
dropbox,P-5323,pre,Difficult Fake,Fake,True,4.8045079708099365,0.570963645453162,0.9322445823156901,0.028693096387216333,0.3863434840710916,0.9365734190386502
walmart,P-5323,pre,Difficult Fake,Fake,True,2.949528455734253,0.5162666455693107,0.9612347424909798,0.014021884647266366,0.1134020911408364,0.9764078639981598
bestbuy,P-5323,pre,Real,Real,True,2.5431230068206787,0.541578858999112,0.8423175908079896,0.13087608746491272,0.3140118366184083,0.8791099211051372
facebook,P-5323,pre,Difficult Fake,Fake,True,2.4490888118743896,0.49908667713322474,0.8633932028907103,0.024936751984340335,0.14521536388043557,0.9628013897774131
amazon,P-5323,pre,Fake,Fake,True,2.983707904815674,0.5134186655220626,0.922052795023912,0.0032455432234421,0.14639001915511643,0.9819863046857796
macys,P-5323,pre,Difficult Fake,Fake,True,1.9165384769439695,0.538417858578497,0.9057703520819028,0.006236204807042833,0.2791750789128578,0.9624897985121845
ebay,P-5323,pre,Real,Real,True,5.105165243148804,0.5330837499596305,0.9005510596100494,0.03266517762789,0.24716270666302664,0.9519560559375563
linkedin,P-5323,pre,Fake,Fake,True,2.836226224899292,0.5138002403902081,0.9080207263550593,0.0180569902349888,0.16471096476187982,0.9644122802089047
bestbuy,P-5323,pre,Fake,Fake,True,2.8912277221679688,0.541578858999112,0.8423175908079896,0.13087608746491272,0.3140118366184083,0.8791099211051372
wellsfargo,P-5323,pre,Fake,Fake,True,2.825744867324829,0.5492560496276766,0.19612107178083335,0.6586137082568101,0.8719596288923929,0.47032978958066995
apple,P-5323,pre,Fake,Fake,True,2.55204176902771,0.5363093857917739,0.8989634547247899,0.0265051156862389,0.2940935696003628,0.9256754031557038
chase,P-5323,pre,Real,Real,True,2.632922887802124,0.7040938715745643,0.8729460616033241,0.824960984883746,0.7016732815980432,0.41679515821314306
dropbox,P-5323,pre,Difficult Fake,Fake,True,4.129109144210815,0.570963645453162,0.9322445823156901,0.028693096387216333,0.3863434840710916,0.9365734190386502
americanexpress,P-5323,pre,Fake,Real,False,2.727009057998657,0.5673661109484304,0.8643417735120829,0.09378232613158714,0.392484996787229,0.9188553473628226
walmart,P-5323,post,Real,Real,True,3.260877847671509,0.5162666455693107,0.9612347424909798,0.014021884647266366,0.1134020911408364,0.9764078639981598
linkedin,P-5323,post,Difficult Fake,Fake,True,2.408334732055664,0.5138002403902081,0.9080207263550593,0.0180569902349888,0.16471096476187982,0.9644122802089047
ups,P-5323,post,Real,Real,True,2.390192031860352,0.5400905355549765,0.8988608488871557,0.010973611864746532,0.2873788995367653,0.9631487819312383
facebook,P-5323,post,Fake,Real,False,2.766347885131836,0.49908667713322474,0.8633932028907103,0.024936751984340335,0.14521536388043557,0.9628013897774131
dropbox,P-5323,post,Real,Real,True,2.064518451690674,0.570963645453162,0.9322445823156901,0.028693096387216333,0.3863434840710916,0.9365734190386502
americanexpress,P-5323,post,Real,Real,True,2.361680746078491,0.5673661109484304,0.8643417735120829,0.09378232613158714,0.392484996787229,0.9188553473628226
netflix,P-5323,post,Difficult Fake,Fake,True,3.71230149269104,0.5130550606137206,0.47926146220162313,0.9971096238993677,0.5711566253327873,0.004692531021104333
facebook,P-5323,post,Real,Real,True,2.685708522796631,0.49908667713322474,0.8633932028907103,0.024936751984340335,0.14521536388043557,0.9628013897774131
chase,P-5323,post,Difficult Fake,Fake,True,2.5756795406341557,0.7040938715745643,0.8729460616033241,0.824960984883746,0.7016732815980432,0.41679515821314306
paypal,P-5323,post,Fake,Real,False,2.193007469177246,0.5031309753907608,0.9902418481681048,0.015572687487858498,0.0220813819720949,0.9846279839349852
paypal,P-5323,post,Fake,Fake,True,3.1527228355407715,0.5031309753907608,0.9902418481681048,0.015572687487858498,0.0220813819720949,0.9846279839349852
americanexpress,P-5323,post,Real,Real,True,2.2376813888549805,0.5673661109484304,0.8643417735120829,0.09378232613158714,0.392484996787229,0.9188553473628226
paypal,P-5323,post,Difficult Fake,Fake,True,1.7558860778808594,0.5031309753907608,0.9902418481681048,0.015572687487858498,0.0220813819720949,0.9846279839349852
hotels,P-5323,post,Fake,Real,False,3.747719049453736,0.5024701207678938,0.9419203233432675,0.016601037671892766,0.05584613820718964,0.9955129838492254
netflix,P-5323,post,Difficult Fake,Real,False,2.875746250152588,0.5130550606137206,0.47926146220162313,0.9971096238993677,0.5711566253327873,0.004692531021104333
americanexpress,P-5323,post,Difficult Fake,Fake,True,2.782374620437622,0.5673661109484304,0.8643417735120829,0.09378232613158714,0.392484996787229,0.9188553473628226
bestbuy,P-5323,post,Difficult Fake,Real,False,2.402282238006592,0.541578858999112,0.8423175908079896,0.13087608746491272,0.3140118366184083,0.8791099211051372
chase,P-5323,post,Fake,Fake,True,2.6172869205474854,0.7040938715745643,0.8729460616033241,0.824960984883746,0.7016732815980432,0.41679515821314306
macys,P-5323,post,Fake,Fake,True,2.105421543121338,0.538417858578497,0.9057703520819028,0.006236204807042833,0.2791750789128578,0.9624897985121845
wellsfargo,P-5324,pre,Real,Real,True,2.6279947757720947,0.5492560496276766,0.19612107178083335,0.6586137082568101,0.8719596288923929,0.47032978958066995
instagram,P-5324,pre,Real,Real,True,1.9437625408172607,0.5242839895497001,0.916035982244601,0.0064927530142710995,0.19680130861652698,0.9778059143234014
apple,P-5324,pre,Fake,Fake,True,5.54401159286499,0.5363093857917739,0.8989634547247899,0.0265051156862389,0.2940935696003628,0.9256754031557038
bestbuy,P-5324,pre,Difficult Fake,Fake,True,4.467194318771362,0.541578858999112,0.8423175908079896,0.13087608746491272,0.3140118366184083,0.8791099211051372
macys,P-5324,pre,Fake,Fake,True,4.491701364517212,0.538417858578497,0.9057703520819028,0.006236204807042833,0.2791750789128578,0.9624897985121845
skype,P-5324,pre,Fake,Fake,True,3.944081068038941,0.5140145001012953,0.9655889042896336,0.0312757651350272,0.08690081148767005,0.9722925194928504
americanexpress,P-5324,pre,Fake,Real,False,2.901418924331665,0.5673661109484304,0.8643417735120829,0.09378232613158714,0.392484996787229,0.9188553473628226
macys,P-5324,pre,Difficult Fake,Fake,True,3.3653557300567627,0.538417858578497,0.9057703520819028,0.006236204807042833,0.2791750789128578,0.9624897985121845
skype,P-5324,pre,Difficult Fake,Real,False,2.8122525215148926,0.5140145001012953,0.9655889042896336,0.0312757651350272,0.08690081148767005,0.9722925194928504
apple,P-5324,pre,Difficult Fake,Fake,True,2.4244184494018555,0.5363093857917739,0.8989634547247899,0.0265051156862389,0.2940935696003628,0.9256754031557038
americanexpress,P-5324,pre,Difficult Fake,Real,False,4.1104896068573,0.5673661109484304,0.8643417735120829,0.09378232613158714,0.392484996787229,0.9188553473628226
paypal,P-5324,pre,Real,Real,True,2.703321933746338,0.5031309753907608,0.9902418481681048,0.015572687487858498,0.0220813819720949,0.9846279839349852
ebay,P-5324,pre,Fake,Fake,True,4.128628969192505,0.5330837499596305,0.9005510596100494,0.03266517762789,0.24716270666302664,0.9519560559375563
chase,P-5324,pre,Real,Real,True,2.26493501663208,0.7040938715745643,0.8729460616033241,0.824960984883746,0.7016732815980432,0.41679515821314306
bestbuy,P-5324,pre,Real,Real,True,3.33044171333313,0.541578858999112,0.8423175908079896,0.13087608746491272,0.3140118366184083,0.8791099211051372
chase,P-5324,pre,Difficult Fake,Fake,True,2.2409214973449707,0.7040938715745643,0.8729460616033241,0.824960984883746,0.7016732815980432,0.41679515821314306
skype,P-5324,pre,Difficult Fake,Fake,True,3.2181787490844727,0.5140145001012953,0.9655889042896336,0.0312757651350272,0.08690081148767005,0.9722925194928504
bestbuy,P-5324,pre,Real,Real,True,2.6979222297668457,0.541578858999112,0.8423175908079896,0.13087608746491272,0.3140118366184083,0.8791099211051372
netflix,P-5324,pre,Real,Real,True,2.4303171634674072,0.5130550606137206,0.47926146220162313,0.9971096238993677,0.5711566253327873,0.004692531021104333
linkedin,P-5324,post,Real,Real,True,2.565211296081543,0.5138002403902081,0.9080207263550593,0.0180569902349888,0.16471096476187982,0.9644122802089047
netflix,P-5324,post,Difficult Fake,Real,False,1.409358263015747,0.5130550606137206,0.47926146220162313,0.9971096238993677,0.5711566253327873,0.004692531021104333
netflix,P-5324,post,Difficult Fake,Real,False,0.9182446002960204,0.5130550606137206,0.47926146220162313,0.9971096238993677,0.5711566253327873,0.004692531021104333
amazon,P-5324,post,Real,Real,True,2.697493314743042,0.5134186655220626,0.922052795023912,0.0032455432234421,0.14639001915511643,0.9819863046857796
twitter,P-5324,post,Difficult Fake,Real,False,1.8763935565948489,0.6205761703983936,0.9533377254730103,0.33718341810424374,0.21466516678850123,0.9771183712278191
instagram,P-5324,post,Fake,Real,False,2.317714214324951,0.5242839895497001,0.916035982244601,0.0064927530142710995,0.19680130861652698,0.9778059143234014
walmart,P-5324,post,Difficult Fake,Real,False,3.7287654876708975,0.5162666455693107,0.9612347424909798,0.014021884647266366,0.1134020911408364,0.9764078639981598
twitter,P-5324,post,Real,Real,True,2.0506105422973637,0.6205761703983936,0.9533377254730103,0.33718341810424374,0.21466516678850123,0.9771183712278191
ups,P-5324,post,Difficult Fake,Real,False,1.6854722499847412,0.5400905355549765,0.8988608488871557,0.010973611864746532,0.2873788995367653,0.9631487819312383
amazon,P-5324,post,Fake,Fake,True,2.2299482822418213,0.5134186655220626,0.922052795023912,0.0032455432234421,0.14639001915511643,0.9819863046857796
linkedin,P-5324,post,Real,Real,True,1.74656081199646,0.5138002403902081,0.9080207263550593,0.0180569902349888,0.16471096476187982,0.9644122802089047
walmart,P-5324,post,Fake,Real,False,2.5188825130462646,0.5162666455693107,0.9612347424909798,0.014021884647266366,0.1134020911408364,0.9764078639981598
macys,P-5324,post,Real,Fake,False,2.3049824237823486,0.538417858578497,0.9057703520819028,0.006236204807042833,0.2791750789128578,0.9624897985121845
macys,P-5324,post,Real,Real,True,2.6189351081848145,0.538417858578497,0.9057703520819028,0.006236204807042833,0.2791750789128578,0.9624897985121845
wellsfargo,P-5324,post,Difficult Fake,Real,False,2.0791015625,0.5492560496276766,0.19612107178083335,0.6586137082568101,0.8719596288923929,0.47032978958066995
paypal,P-5324,post,Difficult Fake,Fake,True,3.747194528579712,0.5031309753907608,0.9902418481681048,0.015572687487858498,0.0220813819720949,0.9846279839349852
twitter,P-5324,post,Fake,Real,False,2.121422290802002,0.6205761703983936,0.9533377254730103,0.33718341810424374,0.21466516678850123,0.9771183712278191
instagram,P-5324,post,Fake,Real,False,4.175455093383789,0.5242839895497001,0.916035982244601,0.0064927530142710995,0.19680130861652698,0.9778059143234014
walmart,P-5325,pre,Real,Real,True,2.2335305213928223,0.5162666455693107,0.9612347424909798,0.014021884647266366,0.1134020911408364,0.9764078639981598
twitter,P-5325,pre,Difficult Fake,Real,False,2.839662790298462,0.6205761703983936,0.9533377254730103,0.33718341810424374,0.21466516678850123,0.9771183712278191
skype,P-5325,pre,Difficult Fake,Real,False,3.271981239318848,0.5140145001012953,0.9655889042896336,0.0312757651350272,0.08690081148767005,0.9722925194928504
hotels,P-5325,pre,Fake,Fake,True,4.730659008026123,0.5024701207678938,0.9419203233432675,0.016601037671892766,0.05584613820718964,0.9955129838492254
americanexpress,P-5325,pre,Fake,Fake,True,4.208398818969727,0.5673661109484304,0.8643417735120829,0.09378232613158714,0.392484996787229,0.9188553473628226
wellsfargo,P-5325,pre,Difficult Fake,Fake,True,3.150570869445801,0.5492560496276766,0.19612107178083335,0.6586137082568101,0.8719596288923929,0.47032978958066995
instagram,P-5325,pre,Fake,Fake,True,5.07681941986084,0.5242839895497001,0.916035982244601,0.0064927530142710995,0.19680130861652698,0.9778059143234014
hotels,P-5325,pre,Difficult Fake,Fake,True,4.540178298950195,0.5024701207678938,0.9419203233432675,0.016601037671892766,0.05584613820718964,0.9955129838492254
amazon,P-5325,pre,Difficult Fake,Fake,True,3.70927357673645,0.5134186655220626,0.922052795023912,0.0032455432234421,0.14639001915511643,0.9819863046857796
instagram,P-5325,pre,Difficult Fake,Fake,True,2.238041400909424,0.5242839895497001,0.916035982244601,0.0064927530142710995,0.19680130861652698,0.9778059143234014
chase,P-5325,pre,Real,Real,True,3.321202039718628,0.7040938715745643,0.8729460616033241,0.824960984883746,0.7016732815980432,0.41679515821314306
apple,P-5325,pre,Difficult Fake,Fake,True,3.211416959762573,0.5363093857917739,0.8989634547247899,0.0265051156862389,0.2940935696003628,0.9256754031557038
skype,P-5325,pre,Difficult Fake,Fake,True,5.193493127822876,0.5140145001012953,0.9655889042896336,0.0312757651350272,0.08690081148767005,0.9722925194928504
instagram,P-5325,pre,Real,Real,True,3.2108688354492188,0.5242839895497001,0.916035982244601,0.0064927530142710995,0.19680130861652698,0.9778059143234014
ups,P-5325,pre,Fake,Fake,True,2.791231155395508,0.5400905355549765,0.8988608488871557,0.010973611864746532,0.2873788995367653,0.9631487819312383
paypal,P-5325,pre,Fake,Fake,True,2.621490955352783,0.5031309753907608,0.9902418481681048,0.015572687487858498,0.0220813819720949,0.9846279839349852
macys,P-5325,pre,Difficult Fake,Fake,True,2.464482545852661,0.538417858578497,0.9057703520819028,0.006236204807042833,0.2791750789128578,0.9624897985121845
instagram,P-5325,pre,Real,Real,True,5.946147441864014,0.5242839895497001,0.916035982244601,0.0064927530142710995,0.19680130861652698,0.9778059143234014
walmart,P-5325,post,Fake,Real,False,2.88679838180542,0.5162666455693107,0.9612347424909798,0.014021884647266366,0.1134020911408364,0.9764078639981598
netflix,P-5325,post,Fake,Fake,True,2.6270840167999268,0.5130550606137206,0.47926146220162313,0.9971096238993677,0.5711566253327873,0.004692531021104333
amazon,P-5325,post,Fake,Real,False,2.5435848236083984,0.5134186655220626,0.922052795023912,0.0032455432234421,0.14639001915511643,0.9819863046857796
facebook,P-5325,post,Real,Real,True,1.6384165287017822,0.49908667713322474,0.8633932028907103,0.024936751984340335,0.14521536388043557,0.9628013897774131
apple,P-5325,post,Real,Real,True,0.9075565338134766,0.5363093857917739,0.8989634547247899,0.0265051156862389,0.2940935696003628,0.9256754031557038
linkedin,P-5325,post,Real,Real,True,2.287585973739624,0.5138002403902081,0.9080207263550593,0.0180569902349888,0.16471096476187982,0.9644122802089047
walmart,P-5325,post,Fake,Real,False,2.121509313583374,0.5162666455693107,0.9612347424909798,0.014021884647266366,0.1134020911408364,0.9764078639981598
netflix,P-5325,post,Difficult Fake,Real,False,2.195176124572754,0.5130550606137206,0.47926146220162313,0.9971096238993677,0.5711566253327873,0.004692531021104333
macys,P-5325,post,Real,Real,True,2.8423759937286377,0.538417858578497,0.9057703520819028,0.006236204807042833,0.2791750789128578,0.9624897985121845
hotels,P-5325,post,Real,Real,True,2.3054044246673584,0.5024701207678938,0.9419203233432675,0.016601037671892766,0.05584613820718964,0.9955129838492254
amazon,P-5325,post,Fake,Real,False,1.715575933456421,0.5134186655220626,0.922052795023912,0.0032455432234421,0.14639001915511643,0.9819863046857796
netflix,P-5325,post,Real,Real,True,1.830610990524292,0.5130550606137206,0.47926146220162313,0.9971096238993677,0.5711566253327873,0.004692531021104333
twitter,P-5325,post,Fake,Real,False,1.532613754272461,0.6205761703983936,0.9533377254730103,0.33718341810424374,0.21466516678850123,0.9771183712278191
wellsfargo,P-5325,post,Fake,Real,False,2.309114456176758,0.5492560496276766,0.19612107178083335,0.6586137082568101,0.8719596288923929,0.47032978958066995
amazon,P-5325,post,Fake,Real,False,3.1370129585266118,0.5134186655220626,0.922052795023912,0.0032455432234421,0.14639001915511643,0.9819863046857796
skype,P-5325,post,Fake,Real,False,2.522816896438598,0.5140145001012953,0.9655889042896336,0.0312757651350272,0.08690081148767005,0.9722925194928504
twitter,P-5325,post,Real,Real,True,2.5153143405914307,0.6205761703983936,0.9533377254730103,0.33718341810424374,0.21466516678850123,0.9771183712278191
macys,P-5325,post,Real,Real,True,1.659470796585083,0.538417858578497,0.9057703520819028,0.006236204807042833,0.2791750789128578,0.9624897985121845
macys,P-5325,post,Fake,Real,False,1.9296352863311768,0.538417858578497,0.9057703520819028,0.006236204807042833,0.2791750789128578,0.9624897985121845
bestbuy,P-5326,pre,Fake,Fake,True,4.084691762924194,0.541578858999112,0.8423175908079896,0.13087608746491272,0.3140118366184083,0.8791099211051372
chase,P-5326,pre,Fake,Fake,True,2.21220326423645,0.7040938715745643,0.8729460616033241,0.824960984883746,0.7016732815980432,0.41679515821314306
amazon,P-5326,pre,Real,Real,True,2.4016730785369877,0.5134186655220626,0.922052795023912,0.0032455432234421,0.14639001915511643,0.9819863046857796
netflix,P-5326,pre,Difficult Fake,Fake,True,2.406092882156372,0.5130550606137206,0.47926146220162313,0.9971096238993677,0.5711566253327873,0.004692531021104333
facebook,P-5326,pre,Real,Real,True,2.211024522781372,0.49908667713322474,0.8633932028907103,0.024936751984340335,0.14521536388043557,0.9628013897774131
macys,P-5326,pre,Difficult Fake,Fake,True,2.30075478553772,0.538417858578497,0.9057703520819028,0.006236204807042833,0.2791750789128578,0.9624897985121845
skype,P-5326,pre,Difficult Fake,Real,False,3.54223370552063,0.5140145001012953,0.9655889042896336,0.0312757651350272,0.08690081148767005,0.9722925194928504
walmart,P-5326,pre,Fake,Fake,True,3.755751371383667,0.5162666455693107,0.9612347424909798,0.014021884647266366,0.1134020911408364,0.9764078639981598
linkedin,P-5326,pre,Fake,Fake,True,2.187039375305176,0.5138002403902081,0.9080207263550593,0.0180569902349888,0.16471096476187982,0.9644122802089047
apple,P-5326,pre,Fake,Fake,True,2.902958393096924,0.5363093857917739,0.8989634547247899,0.0265051156862389,0.2940935696003628,0.9256754031557038
amazon,P-5326,pre,Difficult Fake,Fake,True,2.9414796829223637,0.5134186655220626,0.922052795023912,0.0032455432234421,0.14639001915511643,0.9819863046857796
dropbox,P-5326,pre,Fake,Fake,True,2.1258819103240967,0.570963645453162,0.9322445823156901,0.028693096387216333,0.3863434840710916,0.9365734190386502
walmart,P-5326,pre,Real,Real,True,2.530571460723877,0.5162666455693107,0.9612347424909798,0.014021884647266366,0.1134020911408364,0.9764078639981598
ebay,P-5326,pre,Fake,Fake,True,3.0516436100006104,0.5330837499596305,0.9005510596100494,0.03266517762789,0.24716270666302664,0.9519560559375563
chase,P-5326,pre,Real,Real,True,3.389789581298828,0.7040938715745643,0.8729460616033241,0.824960984883746,0.7016732815980432,0.41679515821314306
ups,P-5326,pre,Real,Real,True,2.7848682403564453,0.5400905355549765,0.8988608488871557,0.010973611864746532,0.2873788995367653,0.9631487819312383
hotels,P-5326,pre,Real,Real,True,2.9046642780303955,0.5024701207678938,0.9419203233432675,0.016601037671892766,0.05584613820718964,0.9955129838492254
facebook,P-5326,pre,Difficult Fake,Real,False,2.1935205459594727,0.49908667713322474,0.8633932028907103,0.024936751984340335,0.14521536388043557,0.9628013897774131
paypal,P-5326,pre,Difficult Fake,Fake,True,1.734025478363037,0.5031309753907608,0.9902418481681048,0.015572687487858498,0.0220813819720949,0.9846279839349852
paypal,P-5326,pre,Fake,Fake,True,2.9459376335144043,0.5031309753907608,0.9902418481681048,0.015572687487858498,0.0220813819720949,0.9846279839349852
instagram,P-5326,post,Difficult Fake,Real,False,3.990626811981201,0.5242839895497001,0.916035982244601,0.0064927530142710995,0.19680130861652698,0.9778059143234014
apple,P-5326,post,Real,Real,True,2.568021059036255,0.5363093857917739,0.8989634547247899,0.0265051156862389,0.2940935696003628,0.9256754031557038
linkedin,P-5326,post,Real,Real,True,1.6955013275146484,0.5138002403902081,0.9080207263550593,0.0180569902349888,0.16471096476187982,0.9644122802089047
paypal,P-5326,post,Real,Real,True,1.9088661670684812,0.5031309753907608,0.9902418481681048,0.015572687487858498,0.0220813819720949,0.9846279839349852
americanexpress,P-5326,post,Fake,Real,False,1.785630702972412,0.5673661109484304,0.8643417735120829,0.09378232613158714,0.392484996787229,0.9188553473628226
paypal,P-5326,post,Real,Real,True,1.5621185302734375,0.5031309753907608,0.9902418481681048,0.015572687487858498,0.0220813819720949,0.9846279839349852
skype,P-5326,post,Real,Real,True,1.338369369506836,0.5140145001012953,0.9655889042896336,0.0312757651350272,0.08690081148767005,0.9722925194928504
instagram,P-5326,post,Fake,Real,False,1.164628267288208,0.5242839895497001,0.916035982244601,0.0064927530142710995,0.19680130861652698,0.9778059143234014
americanexpress,P-5326,post,Fake,Real,False,0.4794702529907226,0.5673661109484304,0.8643417735120829,0.09378232613158714,0.392484996787229,0.9188553473628226
wellsfargo,P-5326,post,Fake,Real,False,0.8684978485107422,0.5492560496276766,0.19612107178083335,0.6586137082568101,0.8719596288923929,0.47032978958066995
twitter,P-5326,post,Fake,Real,False,1.272965431213379,0.6205761703983936,0.9533377254730103,0.33718341810424374,0.21466516678850123,0.9771183712278191
netflix,P-5326,post,Fake,Real,False,1.0288028717041016,0.5130550606137206,0.47926146220162313,0.9971096238993677,0.5711566253327873,0.004692531021104333
twitter,P-5326,post,Real,Real,True,2.3646061420440674,0.6205761703983936,0.9533377254730103,0.33718341810424374,0.21466516678850123,0.9771183712278191
americanexpress,P-5326,post,Fake,Real,False,2.4126882553100586,0.5673661109484304,0.8643417735120829,0.09378232613158714,0.392484996787229,0.9188553473628226
hotels,P-5326,post,Difficult Fake,Real,False,1.9616236686706543,0.5024701207678938,0.9419203233432675,0.016601037671892766,0.05584613820718964,0.9955129838492254
twitter,P-5326,post,Difficult Fake,Real,False,2.093111276626587,0.6205761703983936,0.9533377254730103,0.33718341810424374,0.21466516678850123,0.9771183712278191
americanexpress,P-5326,post,Difficult Fake,Real,False,2.443507432937622,0.5673661109484304,0.8643417735120829,0.09378232613158714,0.392484996787229,0.9188553473628226
facebook,P-5326,post,Fake,Real,False,1.8724732398986816,0.49908667713322474,0.8633932028907103,0.024936751984340335,0.14521536388043557,0.9628013897774131
hotels,P-5326,post,Fake,Real,False,0.8356914520263672,0.5024701207678938,0.9419203233432675,0.016601037671892766,0.05584613820718964,0.9955129838492254
facebook,P-5327,pre,Real,Real,True,2.035125732421875,0.49908667713322474,0.8633932028907103,0.024936751984340335,0.14521536388043557,0.9628013897774131
macys,P-5327,pre,Difficult Fake,Fake,True,2.6969106197357178,0.538417858578497,0.9057703520819028,0.006236204807042833,0.2791750789128578,0.9624897985121845
instagram,P-5327,pre,Real,Real,True,1.9545865058898928,0.5242839895497001,0.916035982244601,0.0064927530142710995,0.19680130861652698,0.9778059143234014
skype,P-5327,pre,Fake,Real,False,3.160086870193481,0.5140145001012953,0.9655889042896336,0.0312757651350272,0.08690081148767005,0.9722925194928504
americanexpress,P-5327,pre,Difficult Fake,Fake,True,2.2024896144866943,0.5673661109484304,0.8643417735120829,0.09378232613158714,0.392484996787229,0.9188553473628226
chase,P-5327,pre,Fake,Fake,True,2.542503833770752,0.7040938715745643,0.8729460616033241,0.824960984883746,0.7016732815980432,0.41679515821314306
paypal,P-5327,pre,Real,Real,True,1.7801086902618408,0.5031309753907608,0.9902418481681048,0.015572687487858498,0.0220813819720949,0.9846279839349852
facebook,P-5327,pre,Real,Real,True,1.9738025665283203,0.49908667713322474,0.8633932028907103,0.024936751984340335,0.14521536388043557,0.9628013897774131
paypal,P-5327,pre,Fake,Fake,True,2.576577425003052,0.5031309753907608,0.9902418481681048,0.015572687487858498,0.0220813819720949,0.9846279839349852
dropbox,P-5327,pre,Fake,Real,False,2.79030179977417,0.570963645453162,0.9322445823156901,0.028693096387216333,0.3863434840710916,0.9365734190386502
skype,P-5327,pre,Fake,Real,False,2.83000111579895,0.5140145001012953,0.9655889042896336,0.0312757651350272,0.08690081148767005,0.9722925194928504
instagram,P-5327,pre,Real,Real,True,1.8733255863189695,0.5242839895497001,0.916035982244601,0.0064927530142710995,0.19680130861652698,0.9778059143234014
wellsfargo,P-5327,pre,Real,Real,True,2.6276798248291016,0.5492560496276766,0.19612107178083335,0.6586137082568101,0.8719596288923929,0.47032978958066995
amazon,P-5327,pre,Difficult Fake,Fake,True,3.282389640808105,0.5134186655220626,0.922052795023912,0.0032455432234421,0.14639001915511643,0.9819863046857796
apple,P-5327,pre,Fake,Fake,True,2.1557037830352783,0.5363093857917739,0.8989634547247899,0.0265051156862389,0.2940935696003628,0.9256754031557038
ups,P-5327,pre,Real,Real,True,1.9570894241333008,0.5400905355549765,0.8988608488871557,0.010973611864746532,0.2873788995367653,0.9631487819312383
apple,P-5327,pre,Fake,Fake,True,2.580209732055664,0.5363093857917739,0.8989634547247899,0.0265051156862389,0.2940935696003628,0.9256754031557038
americanexpress,P-5327,pre,Fake,Fake,True,3.399709224700928,0.5673661109484304,0.8643417735120829,0.09378232613158714,0.392484996787229,0.9188553473628226
twitter,P-5327,pre,Difficult Fake,Real,False,2.241249084472656,0.6205761703983936,0.9533377254730103,0.33718341810424374,0.21466516678850123,0.9771183712278191
ebay,P-5327,post,Difficult Fake,Real,False,4.455995798110962,0.5330837499596305,0.9005510596100494,0.03266517762789,0.24716270666302664,0.9519560559375563
skype,P-5327,post,Real,Real,True,3.6493208408355713,0.5140145001012953,0.9655889042896336,0.0312757651350272,0.08690081148767005,0.9722925194928504
linkedin,P-5327,post,Fake,Real,False,2.1710634231567383,0.5138002403902081,0.9080207263550593,0.0180569902349888,0.16471096476187982,0.9644122802089047
americanexpress,P-5327,post,Real,Real,True,2.404547691345215,0.5673661109484304,0.8643417735120829,0.09378232613158714,0.392484996787229,0.9188553473628226
ebay,P-5327,post,Difficult Fake,Real,False,2.1286773681640625,0.5330837499596305,0.9005510596100494,0.03266517762789,0.24716270666302664,0.9519560559375563
walmart,P-5327,post,Fake,Real,False,2.989341735839844,0.5162666455693107,0.9612347424909798,0.014021884647266366,0.1134020911408364,0.9764078639981598
instagram,P-5327,post,Fake,Real,False,1.5322308540344238,0.5242839895497001,0.916035982244601,0.0064927530142710995,0.19680130861652698,0.9778059143234014
netflix,P-5327,post,Difficult Fake,Real,False,2.110093355178833,0.5130550606137206,0.47926146220162313,0.9971096238993677,0.5711566253327873,0.004692531021104333
dropbox,P-5327,post,Difficult Fake,Real,False,1.7009401321411133,0.570963645453162,0.9322445823156901,0.028693096387216333,0.3863434840710916,0.9365734190386502
netflix,P-5327,post,Real,Real,True,1.951591968536377,0.5130550606137206,0.47926146220162313,0.9971096238993677,0.5711566253327873,0.004692531021104333
instagram,P-5327,post,Difficult Fake,Real,False,1.91121768951416,0.5242839895497001,0.916035982244601,0.0064927530142710995,0.19680130861652698,0.9778059143234014
skype,P-5327,post,Real,Real,True,1.8789865970611568,0.5140145001012953,0.9655889042896336,0.0312757651350272,0.08690081148767005,0.9722925194928504
wellsfargo,P-5327,post,Difficult Fake,Real,False,1.696528434753418,0.5492560496276766,0.19612107178083335,0.6586137082568101,0.8719596288923929,0.47032978958066995
amazon,P-5327,post,Fake,Real,False,2.280506134033203,0.5134186655220626,0.922052795023912,0.0032455432234421,0.14639001915511643,0.9819863046857796
netflix,P-5327,post,Fake,Fake,True,4.4010396003723145,0.5130550606137206,0.47926146220162313,0.9971096238993677,0.5711566253327873,0.004692531021104333
netflix,P-5327,post,Real,Real,True,2.154623746871948,0.5130550606137206,0.47926146220162313,0.9971096238993677,0.5711566253327873,0.004692531021104333
ups,P-5327,post,Difficult Fake,Fake,True,3.5035362243652344,0.5400905355549765,0.8988608488871557,0.010973611864746532,0.2873788995367653,0.9631487819312383
ups,P-5327,post,Difficult Fake,Fake,True,4.253141403198242,0.5400905355549765,0.8988608488871557,0.010973611864746532,0.2873788995367653,0.9631487819312383
bestbuy,P-5327,post,Real,Fake,False,2.5636754035949707,0.541578858999112,0.8423175908079896,0.13087608746491272,0.3140118366184083,0.8791099211051372
amazon,P-5328,pre,Fake,Fake,True,2.5336925983428955,0.5134186655220626,0.922052795023912,0.0032455432234421,0.14639001915511643,0.9819863046857796
skype,P-5328,pre,Difficult Fake,Real,False,2.4027292728424072,0.5140145001012953,0.9655889042896336,0.0312757651350272,0.08690081148767005,0.9722925194928504
paypal,P-5328,pre,Fake,Fake,True,1.920186281204224,0.5031309753907608,0.9902418481681048,0.015572687487858498,0.0220813819720949,0.9846279839349852
hotels,P-5328,pre,Difficult Fake,Fake,True,2.528407096862793,0.5024701207678938,0.9419203233432675,0.016601037671892766,0.05584613820718964,0.9955129838492254
amazon,P-5328,pre,Fake,Fake,True,2.362236976623535,0.5134186655220626,0.922052795023912,0.0032455432234421,0.14639001915511643,0.9819863046857796
wellsfargo,P-5328,pre,Fake,Real,False,2.3133952617645264,0.5492560496276766,0.19612107178083335,0.6586137082568101,0.8719596288923929,0.47032978958066995
skype,P-5328,pre,Fake,Real,False,2.714316844940185,0.5140145001012953,0.9655889042896336,0.0312757651350272,0.08690081148767005,0.9722925194928504
wellsfargo,P-5328,pre,Real,Real,True,1.5925426483154297,0.5492560496276766,0.19612107178083335,0.6586137082568101,0.8719596288923929,0.47032978958066995
ebay,P-5328,pre,Real,Real,True,2.125452756881714,0.5330837499596305,0.9005510596100494,0.03266517762789,0.24716270666302664,0.9519560559375563
facebook,P-5328,pre,Real,Real,True,1.99659276008606,0.49908667713322474,0.8633932028907103,0.024936751984340335,0.14521536388043557,0.9628013897774131
netflix,P-5328,pre,Difficult Fake,Fake,True,2.6786890029907227,0.5130550606137206,0.47926146220162313,0.9971096238993677,0.5711566253327873,0.004692531021104333
linkedin,P-5328,pre,Difficult Fake,Fake,True,2.102932929992676,0.5138002403902081,0.9080207263550593,0.0180569902349888,0.16471096476187982,0.9644122802089047
ebay,P-5328,pre,Real,Real,True,2.789961576461792,0.5330837499596305,0.9005510596100494,0.03266517762789,0.24716270666302664,0.9519560559375563
macys,P-5328,pre,Real,Real,True,2.229379415512085,0.538417858578497,0.9057703520819028,0.006236204807042833,0.2791750789128578,0.9624897985121845
ebay,P-5328,pre,Real,Real,True,2.4780049324035645,0.5330837499596305,0.9005510596100494,0.03266517762789,0.24716270666302664,0.9519560559375563
ebay,P-5328,pre,Fake,Fake,True,2.819370985031128,0.5330837499596305,0.9005510596100494,0.03266517762789,0.24716270666302664,0.9519560559375563
netflix,P-5328,pre,Difficult Fake,Fake,True,3.4202983379364014,0.5130550606137206,0.47926146220162313,0.9971096238993677,0.5711566253327873,0.004692531021104333
skype,P-5328,pre,Fake,Real,False,2.49014663696289,0.5140145001012953,0.9655889042896336,0.0312757651350272,0.08690081148767005,0.9722925194928504
americanexpress,P-5328,pre,Real,Real,True,2.419613838195801,0.5673661109484304,0.8643417735120829,0.09378232613158714,0.392484996787229,0.9188553473628226
apple,P-5328,pre,Fake,Fake,True,2.077338933944702,0.5363093857917739,0.8989634547247899,0.0265051156862389,0.2940935696003628,0.9256754031557038
macys,P-5328,post,Fake,Real,False,2.0707693099975586,0.538417858578497,0.9057703520819028,0.006236204807042833,0.2791750789128578,0.9624897985121845
skype,P-5328,post,Real,Real,True,2.6785449981689453,0.5140145001012953,0.9655889042896336,0.0312757651350272,0.08690081148767005,0.9722925194928504
netflix,P-5328,post,Real,Real,True,1.1632282733917236,0.5130550606137206,0.47926146220162313,0.9971096238993677,0.5711566253327873,0.004692531021104333
bestbuy,P-5328,post,Real,Real,True,3.1103949546813965,0.541578858999112,0.8423175908079896,0.13087608746491272,0.3140118366184083,0.8791099211051372
ups,P-5328,post,Fake,Real,False,2.1929492950439453,0.5400905355549765,0.8988608488871557,0.010973611864746532,0.2873788995367653,0.9631487819312383
macys,P-5328,post,Difficult Fake,Real,False,2.2172768115997314,0.538417858578497,0.9057703520819028,0.006236204807042833,0.2791750789128578,0.9624897985121845
walmart,P-5328,post,Fake,Fake,True,2.69964861869812,0.5162666455693107,0.9612347424909798,0.014021884647266366,0.1134020911408364,0.9764078639981598
walmart,P-5328,post,Fake,Fake,True,1.8837666511535645,0.5162666455693107,0.9612347424909798,0.014021884647266366,0.1134020911408364,0.9764078639981598
instagram,P-5328,post,Difficult Fake,Real,False,3.351442575454712,0.5242839895497001,0.916035982244601,0.0064927530142710995,0.19680130861652698,0.9778059143234014
ebay,P-5328,post,Difficult Fake,Real,False,2.133066177368164,0.5330837499596305,0.9005510596100494,0.03266517762789,0.24716270666302664,0.9519560559375563
walmart,P-5328,post,Difficult Fake,Fake,True,2.031778335571289,0.5162666455693107,0.9612347424909798,0.014021884647266366,0.1134020911408364,0.9764078639981598
macys,P-5328,post,Difficult Fake,Real,False,1.7948229312896729,0.538417858578497,0.9057703520819028,0.006236204807042833,0.2791750789128578,0.9624897985121845
wellsfargo,P-5328,post,Difficult Fake,Real,False,2.1698319911956787,0.5492560496276766,0.19612107178083335,0.6586137082568101,0.8719596288923929,0.47032978958066995
macys,P-5328,post,Difficult Fake,Real,False,1.9757819175720213,0.538417858578497,0.9057703520819028,0.006236204807042833,0.2791750789128578,0.9624897985121845
paypal,P-5328,post,Real,Real,True,1.8313305377960205,0.5031309753907608,0.9902418481681048,0.015572687487858498,0.0220813819720949,0.9846279839349852
bestbuy,P-5328,post,Fake,Real,False,2.3933475017547607,0.541578858999112,0.8423175908079896,0.13087608746491272,0.3140118366184083,0.8791099211051372
twitter,P-5328,post,Fake,Real,False,2.1569535732269287,0.6205761703983936,0.9533377254730103,0.33718341810424374,0.21466516678850123,0.9771183712278191
walmart,P-5328,post,Difficult Fake,Real,False,2.256111621856689,0.5162666455693107,0.9612347424909798,0.014021884647266366,0.1134020911408364,0.9764078639981598
paypal,P-5329,pre,Fake,Fake,True,3.1413321495056152,0.5031309753907608,0.9902418481681048,0.015572687487858498,0.0220813819720949,0.9846279839349852
americanexpress,P-5329,pre,Difficult Fake,Real,False,3.507749557495117,0.5673661109484304,0.8643417735120829,0.09378232613158714,0.392484996787229,0.9188553473628226
instagram,P-5329,pre,Fake,Fake,True,2.3008780479431152,0.5242839895497001,0.916035982244601,0.0064927530142710995,0.19680130861652698,0.9778059143234014
apple,P-5329,pre,Real,Real,True,2.454942464828491,0.5363093857917739,0.8989634547247899,0.0265051156862389,0.2940935696003628,0.9256754031557038
wellsfargo,P-5329,pre,Fake,Fake,True,2.979734420776367,0.5492560496276766,0.19612107178083335,0.6586137082568101,0.8719596288923929,0.47032978958066995
apple,P-5329,pre,Fake,Fake,True,2.576311588287353,0.5363093857917739,0.8989634547247899,0.0265051156862389,0.2940935696003628,0.9256754031557038
walmart,P-5329,pre,Difficult Fake,Fake,True,3.1506781578063965,0.5162666455693107,0.9612347424909798,0.014021884647266366,0.1134020911408364,0.9764078639981598
wellsfargo,P-5329,pre,Fake,Fake,True,3.0545403957366943,0.5492560496276766,0.19612107178083335,0.6586137082568101,0.8719596288923929,0.47032978958066995
dropbox,P-5329,pre,Real,Real,True,3.0621180534362797,0.570963645453162,0.9322445823156901,0.028693096387216333,0.3863434840710916,0.9365734190386502
paypal,P-5329,pre,Fake,Fake,True,1.7232911586761477,0.5031309753907608,0.9902418481681048,0.015572687487858498,0.0220813819720949,0.9846279839349852
bestbuy,P-5329,pre,Difficult Fake,Fake,True,2.565222978591919,0.541578858999112,0.8423175908079896,0.13087608746491272,0.3140118366184083,0.8791099211051372
bestbuy,P-5329,pre,Real,Real,True,2.4039008617401123,0.541578858999112,0.8423175908079896,0.13087608746491272,0.3140118366184083,0.8791099211051372
apple,P-5329,pre,Difficult Fake,Fake,True,1.929779052734375,0.5363093857917739,0.8989634547247899,0.0265051156862389,0.2940935696003628,0.9256754031557038
ebay,P-5329,pre,Fake,Fake,True,2.412451982498169,0.5330837499596305,0.9005510596100494,0.03266517762789,0.24716270666302664,0.9519560559375563
bestbuy,P-5329,pre,Difficult Fake,Fake,True,2.513532876968384,0.541578858999112,0.8423175908079896,0.13087608746491272,0.3140118366184083,0.8791099211051372
americanexpress,P-5329,pre,Real,Real,True,2.410585403442383,0.5673661109484304,0.8643417735120829,0.09378232613158714,0.392484996787229,0.9188553473628226
dropbox,P-5329,pre,Real,Real,True,1.764317750930786,0.570963645453162,0.9322445823156901,0.028693096387216333,0.3863434840710916,0.9365734190386502
linkedin,P-5329,pre,Difficult Fake,Fake,True,1.9884722232818604,0.5138002403902081,0.9080207263550593,0.0180569902349888,0.16471096476187982,0.9644122802089047
apple,P-5329,pre,Fake,Fake,True,1.9915900230407717,0.5363093857917739,0.8989634547247899,0.0265051156862389,0.2940935696003628,0.9256754031557038
facebook,P-5329,pre,Real,Real,True,2.151807308197021,0.49908667713322474,0.8633932028907103,0.024936751984340335,0.14521536388043557,0.9628013897774131
americanexpress,P-5329,post,Fake,Real,False,3.2575018405914307,0.5673661109484304,0.8643417735120829,0.09378232613158714,0.392484996787229,0.9188553473628226
paypal,P-5329,post,Real,Real,True,1.5942459106445312,0.5031309753907608,0.9902418481681048,0.015572687487858498,0.0220813819720949,0.9846279839349852
macys,P-5329,post,Real,Real,True,1.1620278358459473,0.538417858578497,0.9057703520819028,0.006236204807042833,0.2791750789128578,0.9624897985121845
amazon,P-5329,post,Real,Real,True,0.7874863147735596,0.5134186655220626,0.922052795023912,0.0032455432234421,0.14639001915511643,0.9819863046857796
amazon,P-5329,post,Real,Real,True,0.4309899806976318,0.5134186655220626,0.922052795023912,0.0032455432234421,0.14639001915511643,0.9819863046857796
linkedin,P-5329,post,Real,Fake,False,0.7271506786346436,0.5138002403902081,0.9080207263550593,0.0180569902349888,0.16471096476187982,0.9644122802089047
macys,P-5329,post,Difficult Fake,Real,False,0.5097506046295166,0.538417858578497,0.9057703520819028,0.006236204807042833,0.2791750789128578,0.9624897985121845
amazon,P-5329,post,Fake,Real,False,2.126062154769897,0.5134186655220626,0.922052795023912,0.0032455432234421,0.14639001915511643,0.9819863046857796
linkedin,P-5329,post,Real,Real,True,1.947054147720337,0.5138002403902081,0.9080207263550593,0.0180569902349888,0.16471096476187982,0.9644122802089047
ebay,P-5329,post,Difficult Fake,Real,False,2.177832126617432,0.5330837499596305,0.9005510596100494,0.03266517762789,0.24716270666302664,0.9519560559375563
walmart,P-5329,post,Real,Fake,False,0.9086353778839112,0.5162666455693107,0.9612347424909798,0.014021884647266366,0.1134020911408364,0.9764078639981598
linkedin,P-5329,post,Real,Real,True,0.8609676361083984,0.5138002403902081,0.9080207263550593,0.0180569902349888,0.16471096476187982,0.9644122802089047
wellsfargo,P-5329,post,Real,Real,True,2.044851779937744,0.5492560496276766,0.19612107178083335,0.6586137082568101,0.8719596288923929,0.47032978958066995
linkedin,P-5329,post,Real,Real,True,2.1347150802612305,0.5138002403902081,0.9080207263550593,0.0180569902349888,0.16471096476187982,0.9644122802089047
ups,P-5329,post,Difficult Fake,Real,False,2.114044189453125,0.5400905355549765,0.8988608488871557,0.010973611864746532,0.2873788995367653,0.9631487819312383
walmart,P-5329,post,Real,Fake,False,2.030722141265869,0.5162666455693107,0.9612347424909798,0.014021884647266366,0.1134020911408364,0.9764078639981598
amazon,P-5329,post,Real,Real,True,2.096846580505371,0.5134186655220626,0.922052795023912,0.0032455432234421,0.14639001915511643,0.9819863046857796
amazon,P-5329,post,Real,Real,True,1.621455430984497,0.5134186655220626,0.922052795023912,0.0032455432234421,0.14639001915511643,0.9819863046857796
facebook,P-5330,pre,Real,Real,True,1.797515630722046,0.49908667713322474,0.8633932028907103,0.024936751984340335,0.14521536388043557,0.9628013897774131
macys,P-5330,pre,Fake,Fake,True,2.237492322921753,0.538417858578497,0.9057703520819028,0.006236204807042833,0.2791750789128578,0.9624897985121845
instagram,P-5330,pre,Difficult Fake,Fake,True,2.677051544189453,0.5242839895497001,0.916035982244601,0.0064927530142710995,0.19680130861652698,0.9778059143234014
hotels,P-5330,pre,Fake,Fake,True,3.147161960601806,0.5024701207678938,0.9419203233432675,0.016601037671892766,0.05584613820718964,0.9955129838492254
paypal,P-5330,pre,Difficult Fake,Fake,True,2.0737791061401367,0.5031309753907608,0.9902418481681048,0.015572687487858498,0.0220813819720949,0.9846279839349852
bestbuy,P-5330,pre,Difficult Fake,Fake,True,2.8306779861450195,0.541578858999112,0.8423175908079896,0.13087608746491272,0.3140118366184083,0.8791099211051372
macys,P-5330,pre,Fake,Fake,True,3.400339841842652,0.538417858578497,0.9057703520819028,0.006236204807042833,0.2791750789128578,0.9624897985121845
chase,P-5330,pre,Real,Real,True,2.786683797836304,0.7040938715745643,0.8729460616033241,0.824960984883746,0.7016732815980432,0.41679515821314306
linkedin,P-5330,pre,Fake,Fake,True,3.842944622039795,0.5138002403902081,0.9080207263550593,0.0180569902349888,0.16471096476187982,0.9644122802089047
macys,P-5330,pre,Difficult Fake,Fake,True,2.4343743324279785,0.538417858578497,0.9057703520819028,0.006236204807042833,0.2791750789128578,0.9624897985121845
hotels,P-5330,pre,Difficult Fake,Fake,True,2.6422297954559326,0.5024701207678938,0.9419203233432675,0.016601037671892766,0.05584613820718964,0.9955129838492254
macys,P-5330,pre,Real,Real,True,1.7786898612976074,0.538417858578497,0.9057703520819028,0.006236204807042833,0.2791750789128578,0.9624897985121845
hotels,P-5330,pre,Fake,Fake,True,2.3591859340667725,0.5024701207678938,0.9419203233432675,0.016601037671892766,0.05584613820718964,0.9955129838492254
amazon,P-5330,pre,Real,Real,True,2.384237051010132,0.5134186655220626,0.922052795023912,0.0032455432234421,0.14639001915511643,0.9819863046857796
netflix,P-5330,pre,Real,Real,True,1.9424247741699217,0.5130550606137206,0.47926146220162313,0.9971096238993677,0.5711566253327873,0.004692531021104333
apple,P-5330,pre,Real,Real,True,2.808903694152832,0.5363093857917739,0.8989634547247899,0.0265051156862389,0.2940935696003628,0.9256754031557038
bestbuy,P-5330,pre,Real,Real,True,2.1406915187835693,0.541578858999112,0.8423175908079896,0.13087608746491272,0.3140118366184083,0.8791099211051372
twitter,P-5330,pre,Fake,Fake,True,4.457517623901367,0.6205761703983936,0.9533377254730103,0.33718341810424374,0.21466516678850123,0.9771183712278191
apple,P-5330,post,Difficult Fake,Real,False,1.876302719116211,0.5363093857917739,0.8989634547247899,0.0265051156862389,0.2940935696003628,0.9256754031557038
walmart,P-5330,post,Real,Real,True,0.7548542022705078,0.5162666455693107,0.9612347424909798,0.014021884647266366,0.1134020911408364,0.9764078639981598
linkedin,P-5330,post,Difficult Fake,Real,False,0.4927732944488525,0.5138002403902081,0.9080207263550593,0.0180569902349888,0.16471096476187982,0.9644122802089047
hotels,P-5330,post,Real,Real,True,0.389054536819458,0.5024701207678938,0.9419203233432675,0.016601037671892766,0.05584613820718964,0.9955129838492254
skype,P-5330,post,Real,Real,True,0.4307985305786133,0.5140145001012953,0.9655889042896336,0.0312757651350272,0.08690081148767005,0.9722925194928504
amazon,P-5330,post,Fake,Real,False,0.7304480075836182,0.5134186655220626,0.922052795023912,0.0032455432234421,0.14639001915511643,0.9819863046857796
walmart,P-5330,post,Real,Real,True,1.3923239707946775,0.5162666455693107,0.9612347424909798,0.014021884647266366,0.1134020911408364,0.9764078639981598
amazon,P-5330,post,Difficult Fake,Fake,True,3.441606044769287,0.5134186655220626,0.922052795023912,0.0032455432234421,0.14639001915511643,0.9819863046857796
walmart,P-5330,post,Difficult Fake,Real,False,1.121497631072998,0.5162666455693107,0.9612347424909798,0.014021884647266366,0.1134020911408364,0.9764078639981598
skype,P-5330,post,Fake,Real,False,1.9764795303344729,0.5140145001012953,0.9655889042896336,0.0312757651350272,0.08690081148767005,0.9722925194928504
netflix,P-5330,post,Fake,Real,False,1.3499350547790527,0.5130550606137206,0.47926146220162313,0.9971096238993677,0.5711566253327873,0.004692531021104333
ups,P-5330,post,Difficult Fake,Fake,True,2.8717262744903564,0.5400905355549765,0.8988608488871557,0.010973611864746532,0.2873788995367653,0.9631487819312383
chase,P-5330,post,Fake,Real,False,0.7385256290435791,0.7040938715745643,0.8729460616033241,0.824960984883746,0.7016732815980432,0.41679515821314306
instagram,P-5330,post,Fake,Real,False,1.0038397312164309,0.5242839895497001,0.916035982244601,0.0064927530142710995,0.19680130861652698,0.9778059143234014
hotels,P-5330,post,Real,Real,True,0.9957687854766846,0.5024701207678938,0.9419203233432675,0.016601037671892766,0.05584613820718964,0.9955129838492254
dropbox,P-5330,post,Real,Real,True,1.2491834163665771,0.570963645453162,0.9322445823156901,0.028693096387216333,0.3863434840710916,0.9365734190386502
americanexpress,P-5330,post,Fake,Real,False,1.811201810836792,0.5673661109484304,0.8643417735120829,0.09378232613158714,0.392484996787229,0.9188553473628226
linkedin,P-5330,post,Difficult Fake,Real,False,1.4987165927886963,0.5138002403902081,0.9080207263550593,0.0180569902349888,0.16471096476187982,0.9644122802089047
walmart,P-5330,post,Fake,Real,False,2.5056214332580566,0.5162666455693107,0.9612347424909798,0.014021884647266366,0.1134020911408364,0.9764078639981598
dropbox,P-5331,pre,Fake,Fake,True,2.6327390670776367,0.570963645453162,0.9322445823156901,0.028693096387216333,0.3863434840710916,0.9365734190386502
walmart,P-5331,pre,Difficult Fake,Fake,True,2.8314456939697266,0.5162666455693107,0.9612347424909798,0.014021884647266366,0.1134020911408364,0.9764078639981598
bestbuy,P-5331,pre,Real,Real,True,2.31335186958313,0.541578858999112,0.8423175908079896,0.13087608746491272,0.3140118366184083,0.8791099211051372
ups,P-5331,pre,Real,Real,True,1.903024673461914,0.5400905355549765,0.8988608488871557,0.010973611864746532,0.2873788995367653,0.9631487819312383
wellsfargo,P-5331,pre,Difficult Fake,Fake,True,3.7888011932373047,0.5492560496276766,0.19612107178083335,0.6586137082568101,0.8719596288923929,0.47032978958066995
macys,P-5331,pre,Real,Real,True,2.263941526412964,0.538417858578497,0.9057703520819028,0.006236204807042833,0.2791750789128578,0.9624897985121845
paypal,P-5331,pre,Fake,Fake,True,2.2650318145751958,0.5031309753907608,0.9902418481681048,0.015572687487858498,0.0220813819720949,0.9846279839349852
facebook,P-5331,pre,Fake,Fake,True,3.0096795558929443,0.49908667713322474,0.8633932028907103,0.024936751984340335,0.14521536388043557,0.9628013897774131
chase,P-5331,pre,Difficult Fake,Fake,True,2.11641001701355,0.7040938715745643,0.8729460616033241,0.824960984883746,0.7016732815980432,0.41679515821314306
netflix,P-5331,pre,Real,Real,True,2.8369603157043457,0.5130550606137206,0.47926146220162313,0.9971096238993677,0.5711566253327873,0.004692531021104333
dropbox,P-5331,pre,Fake,Fake,True,3.0880868434906006,0.570963645453162,0.9322445823156901,0.028693096387216333,0.3863434840710916,0.9365734190386502
ebay,P-5331,pre,Real,Fake,False,2.9193596839904785,0.5330837499596305,0.9005510596100494,0.03266517762789,0.24716270666302664,0.9519560559375563
netflix,P-5331,pre,Fake,Fake,True,2.3752670288085938,0.5130550606137206,0.47926146220162313,0.9971096238993677,0.5711566253327873,0.004692531021104333
apple,P-5331,pre,Difficult Fake,Fake,True,3.048088550567627,0.5363093857917739,0.8989634547247899,0.0265051156862389,0.2940935696003628,0.9256754031557038
wellsfargo,P-5331,pre,Real,Real,True,3.4255177974700928,0.5492560496276766,0.19612107178083335,0.6586137082568101,0.8719596288923929,0.47032978958066995
amazon,P-5331,pre,Difficult Fake,Fake,True,4.076661825180054,0.5134186655220626,0.922052795023912,0.0032455432234421,0.14639001915511643,0.9819863046857796
twitter,P-5331,pre,Difficult Fake,Real,False,3.280129909515381,0.6205761703983936,0.9533377254730103,0.33718341810424374,0.21466516678850123,0.9771183712278191
skype,P-5331,pre,Difficult Fake,Real,False,3.2018322944641118,0.5140145001012953,0.9655889042896336,0.0312757651350272,0.08690081148767005,0.9722925194928504
ebay,P-5331,pre,Fake,Fake,True,3.940793514251709,0.5330837499596305,0.9005510596100494,0.03266517762789,0.24716270666302664,0.9519560559375563
apple,P-5331,pre,Fake,Fake,True,2.415956258773804,0.5363093857917739,0.8989634547247899,0.0265051156862389,0.2940935696003628,0.9256754031557038
wellsfargo,P-5331,post,Fake,Real,False,1.4716551303863523,0.5492560496276766,0.19612107178083335,0.6586137082568101,0.8719596288923929,0.47032978958066995
chase,P-5331,post,Real,Real,True,2.142334461212158,0.7040938715745643,0.8729460616033241,0.824960984883746,0.7016732815980432,0.41679515821314306
ebay,P-5331,post,Difficult Fake,Real,False,1.147099494934082,0.5330837499596305,0.9005510596100494,0.03266517762789,0.24716270666302664,0.9519560559375563
chase,P-5331,post,Fake,Real,False,1.2330780029296875,0.7040938715745643,0.8729460616033241,0.824960984883746,0.7016732815980432,0.41679515821314306
skype,P-5331,post,Fake,Real,False,0.7468132972717285,0.5140145001012953,0.9655889042896336,0.0312757651350272,0.08690081148767005,0.9722925194928504
paypal,P-5331,post,Real,Real,True,1.0407986640930176,0.5031309753907608,0.9902418481681048,0.015572687487858498,0.0220813819720949,0.9846279839349852
hotels,P-5331,post,Difficult Fake,Real,False,0.8012845516204834,0.5024701207678938,0.9419203233432675,0.016601037671892766,0.05584613820718964,0.9955129838492254
bestbuy,P-5331,post,Difficult Fake,Real,False,1.969224452972412,0.541578858999112,0.8423175908079896,0.13087608746491272,0.3140118366184083,0.8791099211051372
skype,P-5331,post,Real,Real,True,2.418330430984497,0.5140145001012953,0.9655889042896336,0.0312757651350272,0.08690081148767005,0.9722925194928504
instagram,P-5331,post,Fake,Real,False,0.5096867084503174,0.5242839895497001,0.916035982244601,0.0064927530142710995,0.19680130861652698,0.9778059143234014
macys,P-5331,post,Fake,Real,False,1.7265756130218506,0.538417858578497,0.9057703520819028,0.006236204807042833,0.2791750789128578,0.9624897985121845
netflix,P-5331,post,Difficult Fake,Real,False,3.536573886871338,0.5130550606137206,0.47926146220162313,0.9971096238993677,0.5711566253327873,0.004692531021104333
bestbuy,P-5331,post,Fake,Real,False,1.6448986530303955,0.541578858999112,0.8423175908079896,0.13087608746491272,0.3140118366184083,0.8791099211051372
amazon,P-5331,post,Real,Real,True,1.7223265171051023,0.5134186655220626,0.922052795023912,0.0032455432234421,0.14639001915511643,0.9819863046857796
americanexpress,P-5331,post,Fake,Real,False,2.527411699295044,0.5673661109484304,0.8643417735120829,0.09378232613158714,0.392484996787229,0.9188553473628226
twitter,P-5331,post,Fake,Real,False,2.228905200958252,0.6205761703983936,0.9533377254730103,0.33718341810424374,0.21466516678850123,0.9771183712278191
americanexpress,P-5331,post,Fake,Real,False,4.0959460735321045,0.5673661109484304,0.8643417735120829,0.09378232613158714,0.392484996787229,0.9188553473628226
amazon,P-5331,post,Fake,Fake,True,3.0049731731414795,0.5134186655220626,0.922052795023912,0.0032455432234421,0.14639001915511643,0.9819863046857796
facebook,P-5331,post,Real,Real,True,1.6253211498260498,0.49908667713322474,0.8633932028907103,0.024936751984340335,0.14521536388043557,0.9628013897774131
linkedin,P-5332,pre,Difficult Fake,Fake,True,2.8145875930786133,0.5138002403902081,0.9080207263550593,0.0180569902349888,0.16471096476187982,0.9644122802089047
twitter,P-5332,pre,Difficult Fake,Real,False,2.3799936771392822,0.6205761703983936,0.9533377254730103,0.33718341810424374,0.21466516678850123,0.9771183712278191
apple,P-5332,pre,Difficult Fake,Fake,True,2.0941097736358643,0.5363093857917739,0.8989634547247899,0.0265051156862389,0.2940935696003628,0.9256754031557038
amazon,P-5332,pre,Difficult Fake,Fake,True,2.191903591156006,0.5134186655220626,0.922052795023912,0.0032455432234421,0.14639001915511643,0.9819863046857796
netflix,P-5332,pre,Real,Real,True,1.8892951011657717,0.5130550606137206,0.47926146220162313,0.9971096238993677,0.5711566253327873,0.004692531021104333
ups,P-5332,pre,Real,Real,True,3.2424044609069824,0.5400905355549765,0.8988608488871557,0.010973611864746532,0.2873788995367653,0.9631487819312383
apple,P-5332,pre,Real,Real,True,2.679863691329956,0.5363093857917739,0.8989634547247899,0.0265051156862389,0.2940935696003628,0.9256754031557038
chase,P-5332,pre,Fake,Fake,True,1.996591567993164,0.7040938715745643,0.8729460616033241,0.824960984883746,0.7016732815980432,0.41679515821314306
hotels,P-5332,pre,Real,Real,True,2.180785179138184,0.5024701207678938,0.9419203233432675,0.016601037671892766,0.05584613820718964,0.9955129838492254
hotels,P-5332,pre,Difficult Fake,Fake,True,2.091670513153076,0.5024701207678938,0.9419203233432675,0.016601037671892766,0.05584613820718964,0.9955129838492254
skype,P-5332,pre,Difficult Fake,Real,False,3.064479351043701,0.5140145001012953,0.9655889042896336,0.0312757651350272,0.08690081148767005,0.9722925194928504
linkedin,P-5332,pre,Difficult Fake,Fake,True,1.8214688301086424,0.5138002403902081,0.9080207263550593,0.0180569902349888,0.16471096476187982,0.9644122802089047
twitter,P-5332,pre,Real,Real,True,1.8058083057403564,0.6205761703983936,0.9533377254730103,0.33718341810424374,0.21466516678850123,0.9771183712278191
amazon,P-5332,pre,Difficult Fake,Fake,True,1.5212106704711914,0.5134186655220626,0.922052795023912,0.0032455432234421,0.14639001915511643,0.9819863046857796
dropbox,P-5332,pre,Difficult Fake,Fake,True,2.120279550552368,0.570963645453162,0.9322445823156901,0.028693096387216333,0.3863434840710916,0.9365734190386502
ebay,P-5332,pre,Real,Real,True,3.746404886245728,0.5330837499596305,0.9005510596100494,0.03266517762789,0.24716270666302664,0.9519560559375563
bestbuy,P-5332,pre,Fake,Fake,True,2.506214141845703,0.541578858999112,0.8423175908079896,0.13087608746491272,0.3140118366184083,0.8791099211051372
wellsfargo,P-5332,pre,Real,Real,True,2.647407054901123,0.5492560496276766,0.19612107178083335,0.6586137082568101,0.8719596288923929,0.47032978958066995
dropbox,P-5332,pre,Real,Real,True,5.9132466316223145,0.570963645453162,0.9322445823156901,0.028693096387216333,0.3863434840710916,0.9365734190386502
ups,P-5332,post,Difficult Fake,Real,False,3.4095866680145264,0.5400905355549765,0.8988608488871557,0.010973611864746532,0.2873788995367653,0.9631487819312383
amazon,P-5332,post,Fake,Real,False,2.126526355743408,0.5134186655220626,0.922052795023912,0.0032455432234421,0.14639001915511643,0.9819863046857796
walmart,P-5332,post,Difficult Fake,Real,False,1.3831493854522705,0.5162666455693107,0.9612347424909798,0.014021884647266366,0.1134020911408364,0.9764078639981598
walmart,P-5332,post,Difficult Fake,Real,False,1.7925031185150146,0.5162666455693107,0.9612347424909798,0.014021884647266366,0.1134020911408364,0.9764078639981598
apple,P-5332,post,Fake,Fake,True,2.3933701515197754,0.5363093857917739,0.8989634547247899,0.0265051156862389,0.2940935696003628,0.9256754031557038
amazon,P-5332,post,Fake,Fake,True,5.12603235244751,0.5134186655220626,0.922052795023912,0.0032455432234421,0.14639001915511643,0.9819863046857796
linkedin,P-5332,post,Real,Fake,False,4.218394041061401,0.5138002403902081,0.9080207263550593,0.0180569902349888,0.16471096476187982,0.9644122802089047
netflix,P-5332,post,Fake,Real,False,3.035569429397583,0.5130550606137206,0.47926146220162313,0.9971096238993677,0.5711566253327873,0.004692531021104333
amazon,P-5332,post,Real,Real,True,2.4866323471069336,0.5134186655220626,0.922052795023912,0.0032455432234421,0.14639001915511643,0.9819863046857796
macys,P-5332,post,Real,Fake,False,2.280519485473633,0.538417858578497,0.9057703520819028,0.006236204807042833,0.2791750789128578,0.9624897985121845
netflix,P-5332,post,Difficult Fake,Real,False,3.194598436355591,0.5130550606137206,0.47926146220162313,0.9971096238993677,0.5711566253327873,0.004692531021104333
linkedin,P-5332,post,Fake,Fake,True,2.6426236629486084,0.5138002403902081,0.9080207263550593,0.0180569902349888,0.16471096476187982,0.9644122802089047
macys,P-5332,post,Fake,Real,False,2.0190517902374268,0.538417858578497,0.9057703520819028,0.006236204807042833,0.2791750789128578,0.9624897985121845
linkedin,P-5332,post,Fake,Real,False,2.791111707687378,0.5138002403902081,0.9080207263550593,0.0180569902349888,0.16471096476187982,0.9644122802089047
americanexpress,P-5332,post,Real,Real,True,2.273427248001098,0.5673661109484304,0.8643417735120829,0.09378232613158714,0.392484996787229,0.9188553473628226
paypal,P-5332,post,Real,Fake,False,4.474402904510498,0.5031309753907608,0.9902418481681048,0.015572687487858498,0.0220813819720949,0.9846279839349852
instagram,P-5332,post,Difficult Fake,Real,False,2.7285096645355225,0.5242839895497001,0.916035982244601,0.0064927530142710995,0.19680130861652698,0.9778059143234014
netflix,P-5333,pre,Real,Real,True,1.969075918197632,0.5130550606137206,0.47926146220162313,0.9971096238993677,0.5711566253327873,0.004692531021104333
wellsfargo,P-5333,pre,Difficult Fake,Real,False,2.551394462585449,0.5492560496276766,0.19612107178083335,0.6586137082568101,0.8719596288923929,0.47032978958066995
hotels,P-5333,pre,Fake,Real,False,1.8122656345367432,0.5024701207678938,0.9419203233432675,0.016601037671892766,0.05584613820718964,0.9955129838492254
ups,P-5333,pre,Real,Real,True,2.276631116867065,0.5400905355549765,0.8988608488871557,0.010973611864746532,0.2873788995367653,0.9631487819312383
americanexpress,P-5333,pre,Real,Real,True,1.7221546173095703,0.5673661109484304,0.8643417735120829,0.09378232613158714,0.392484996787229,0.9188553473628226
walmart,P-5333,pre,Fake,Real,False,4.198973894119263,0.5162666455693107,0.9612347424909798,0.014021884647266366,0.1134020911408364,0.9764078639981598
walmart,P-5333,pre,Difficult Fake,Fake,True,4.057717800140381,0.5162666455693107,0.9612347424909798,0.014021884647266366,0.1134020911408364,0.9764078639981598
bestbuy,P-5333,pre,Difficult Fake,Real,False,2.854719638824463,0.541578858999112,0.8423175908079896,0.13087608746491272,0.3140118366184083,0.8791099211051372
chase,P-5333,pre,Real,Fake,False,5.081613540649414,0.7040938715745643,0.8729460616033241,0.824960984883746,0.7016732815980432,0.41679515821314306
apple,P-5333,pre,Difficult Fake,Fake,True,3.379891872406006,0.5363093857917739,0.8989634547247899,0.0265051156862389,0.2940935696003628,0.9256754031557038
facebook,P-5333,pre,Real,Real,True,2.9524240493774414,0.49908667713322474,0.8633932028907103,0.024936751984340335,0.14521536388043557,0.9628013897774131
walmart,P-5333,pre,Difficult Fake,Fake,True,2.370006799697876,0.5162666455693107,0.9612347424909798,0.014021884647266366,0.1134020911408364,0.9764078639981598
skype,P-5333,pre,Difficult Fake,Fake,True,5.168511152267456,0.5140145001012953,0.9655889042896336,0.0312757651350272,0.08690081148767005,0.9722925194928504
bestbuy,P-5333,pre,Real,Real,True,2.482064247131348,0.541578858999112,0.8423175908079896,0.13087608746491272,0.3140118366184083,0.8791099211051372
walmart,P-5333,pre,Difficult Fake,Fake,True,3.7781057357788086,0.5162666455693107,0.9612347424909798,0.014021884647266366,0.1134020911408364,0.9764078639981598
twitter,P-5333,pre,Difficult Fake,Fake,True,4.549397706985474,0.6205761703983936,0.9533377254730103,0.33718341810424374,0.21466516678850123,0.9771183712278191
chase,P-5333,pre,Real,Real,True,2.1436569690704346,0.7040938715745643,0.8729460616033241,0.824960984883746,0.7016732815980432,0.41679515821314306
chase,P-5333,pre,Difficult Fake,Fake,True,3.157031536102295,0.7040938715745643,0.8729460616033241,0.824960984883746,0.7016732815980432,0.41679515821314306
netflix,P-5333,pre,Fake,Fake,True,5.93332314491272,0.5130550606137206,0.47926146220162313,0.9971096238993677,0.5711566253327873,0.004692531021104333
facebook,P-5333,post,Fake,Real,False,4.156898498535156,0.49908667713322474,0.8633932028907103,0.024936751984340335,0.14521536388043557,0.9628013897774131
amazon,P-5333,post,Difficult Fake,Real,False,2.864723920822144,0.5134186655220626,0.922052795023912,0.0032455432234421,0.14639001915511643,0.9819863046857796
ebay,P-5333,post,Difficult Fake,Real,False,2.0038578510284424,0.5330837499596305,0.9005510596100494,0.03266517762789,0.24716270666302664,0.9519560559375563
twitter,P-5333,post,Real,Real,True,3.998968601226807,0.6205761703983936,0.9533377254730103,0.33718341810424374,0.21466516678850123,0.9771183712278191
bestbuy,P-5333,post,Fake,Real,False,3.4180381298065186,0.541578858999112,0.8423175908079896,0.13087608746491272,0.3140118366184083,0.8791099211051372
paypal,P-5333,post,Real,Real,True,5.879405975341797,0.5031309753907608,0.9902418481681048,0.015572687487858498,0.0220813819720949,0.9846279839349852
hotels,P-5333,post,Real,Real,True,2.396080493927002,0.5024701207678938,0.9419203233432675,0.016601037671892766,0.05584613820718964,0.9955129838492254
ups,P-5333,post,Difficult Fake,Real,False,3.2085330486297607,0.5400905355549765,0.8988608488871557,0.010973611864746532,0.2873788995367653,0.9631487819312383
macys,P-5333,post,Real,Real,True,2.181112766265869,0.538417858578497,0.9057703520819028,0.006236204807042833,0.2791750789128578,0.9624897985121845
instagram,P-5333,post,Fake,Real,False,2.948909282684326,0.5242839895497001,0.916035982244601,0.0064927530142710995,0.19680130861652698,0.9778059143234014
ebay,P-5333,post,Real,Real,True,5.52475905418396,0.5330837499596305,0.9005510596100494,0.03266517762789,0.24716270666302664,0.9519560559375563
bestbuy,P-5333,post,Fake,Real,False,3.1664927005767822,0.541578858999112,0.8423175908079896,0.13087608746491272,0.3140118366184083,0.8791099211051372
apple,P-5333,post,Fake,Real,False,4.75857138633728,0.5363093857917739,0.8989634547247899,0.0265051156862389,0.2940935696003628,0.9256754031557038
paypal,P-5333,post,Real,Real,True,3.0060858726501465,0.5031309753907608,0.9902418481681048,0.015572687487858498,0.0220813819720949,0.9846279839349852
ebay,P-5333,post,Real,Real,True,3.764461278915405,0.5330837499596305,0.9005510596100494,0.03266517762789,0.24716270666302664,0.9519560559375563
facebook,P-5334,pre,Difficult Fake,Fake,True,3.9065189361572266,0.49908667713322474,0.8633932028907103,0.024936751984340335,0.14521536388043557,0.9628013897774131
dropbox,P-5334,pre,Real,Real,True,3.2454748153686523,0.570963645453162,0.9322445823156901,0.028693096387216333,0.3863434840710916,0.9365734190386502
netflix,P-5334,pre,Difficult Fake,Fake,True,4.006372690200806,0.5130550606137206,0.47926146220162313,0.9971096238993677,0.5711566253327873,0.004692531021104333
netflix,P-5334,pre,Real,Real,True,4.401193857192993,0.5130550606137206,0.47926146220162313,0.9971096238993677,0.5711566253327873,0.004692531021104333
facebook,P-5334,pre,Real,Real,True,2.245946884155273,0.49908667713322474,0.8633932028907103,0.024936751984340335,0.14521536388043557,0.9628013897774131
dropbox,P-5334,pre,Real,Real,True,4.697516918182373,0.570963645453162,0.9322445823156901,0.028693096387216333,0.3863434840710916,0.9365734190386502
wellsfargo,P-5334,pre,Real,Real,True,2.664442777633667,0.5492560496276766,0.19612107178083335,0.6586137082568101,0.8719596288923929,0.47032978958066995
linkedin,P-5334,pre,Fake,Fake,True,3.2204418182373047,0.5138002403902081,0.9080207263550593,0.0180569902349888,0.16471096476187982,0.9644122802089047
ebay,P-5334,pre,Fake,Fake,True,4.282000541687012,0.5330837499596305,0.9005510596100494,0.03266517762789,0.24716270666302664,0.9519560559375563
twitter,P-5334,pre,Difficult Fake,Real,False,4.986520290374756,0.6205761703983936,0.9533377254730103,0.33718341810424374,0.21466516678850123,0.9771183712278191
instagram,P-5334,pre,Difficult Fake,Fake,True,5.832951307296753,0.5242839895497001,0.916035982244601,0.0064927530142710995,0.19680130861652698,0.9778059143234014
wellsfargo,P-5334,pre,Real,Fake,False,3.461412191390991,0.5492560496276766,0.19612107178083335,0.6586137082568101,0.8719596288923929,0.47032978958066995
instagram,P-5334,pre,Difficult Fake,Fake,True,4.858020544052124,0.5242839895497001,0.916035982244601,0.0064927530142710995,0.19680130861652698,0.9778059143234014
skype,P-5334,pre,Real,Real,True,3.18679428100586,0.5140145001012953,0.9655889042896336,0.0312757651350272,0.08690081148767005,0.9722925194928504
apple,P-5334,pre,Difficult Fake,Fake,True,4.021676063537598,0.5363093857917739,0.8989634547247899,0.0265051156862389,0.2940935696003628,0.9256754031557038
chase,P-5334,pre,Difficult Fake,Fake,True,3.3848817348480225,0.7040938715745643,0.8729460616033241,0.824960984883746,0.7016732815980432,0.41679515821314306
netflix,P-5334,pre,Real,Real,True,1.629030704498291,0.5130550606137206,0.47926146220162313,0.9971096238993677,0.5711566253327873,0.004692531021104333
twitter,P-5334,pre,Fake,Real,False,2.1329288482666016,0.6205761703983936,0.9533377254730103,0.33718341810424374,0.21466516678850123,0.9771183712278191
hotels,P-5334,pre,Fake,Fake,True,3.524484872817993,0.5024701207678938,0.9419203233432675,0.016601037671892766,0.05584613820718964,0.9955129838492254
instagram,P-5334,post,Fake,Fake,True,4.744555711746216,0.5242839895497001,0.916035982244601,0.0064927530142710995,0.19680130861652698,0.9778059143234014
hotels,P-5334,post,Difficult Fake,Real,False,4.252707242965698,0.5024701207678938,0.9419203233432675,0.016601037671892766,0.05584613820718964,0.9955129838492254
walmart,P-5334,post,Fake,Real,False,3.1501736640930176,0.5162666455693107,0.9612347424909798,0.014021884647266366,0.1134020911408364,0.9764078639981598
americanexpress,P-5334,post,Fake,Real,False,2.3155477046966557,0.5673661109484304,0.8643417735120829,0.09378232613158714,0.392484996787229,0.9188553473628226
apple,P-5334,post,Fake,Real,False,4.569872617721558,0.5363093857917739,0.8989634547247899,0.0265051156862389,0.2940935696003628,0.9256754031557038
ebay,P-5334,post,Real,Real,True,3.560051918029785,0.5330837499596305,0.9005510596100494,0.03266517762789,0.24716270666302664,0.9519560559375563
chase,P-5334,post,Real,Real,True,5.818659782409668,0.7040938715745643,0.8729460616033241,0.824960984883746,0.7016732815980432,0.41679515821314306
bestbuy,P-5334,post,Real,Real,True,2.1544649600982666,0.541578858999112,0.8423175908079896,0.13087608746491272,0.3140118366184083,0.8791099211051372
netflix,P-5334,post,Fake,Real,False,2.5615859031677246,0.5130550606137206,0.47926146220162313,0.9971096238993677,0.5711566253327873,0.004692531021104333
apple,P-5334,post,Real,Real,True,3.250108242034912,0.5363093857917739,0.8989634547247899,0.0265051156862389,0.2940935696003628,0.9256754031557038
amazon,P-5334,post,Difficult Fake,Real,False,1.7341501712799072,0.5134186655220626,0.922052795023912,0.0032455432234421,0.14639001915511643,0.9819863046857796
wellsfargo,P-5334,post,Fake,Real,False,2.2442739009857178,0.5492560496276766,0.19612107178083335,0.6586137082568101,0.8719596288923929,0.47032978958066995
hotels,P-5334,post,Difficult Fake,Real,False,4.736276388168335,0.5024701207678938,0.9419203233432675,0.016601037671892766,0.05584613820718964,0.9955129838492254
americanexpress,P-5334,post,Difficult Fake,Fake,True,4.577212333679199,0.5673661109484304,0.8643417735120829,0.09378232613158714,0.392484996787229,0.9188553473628226
americanexpress,P-5334,post,Fake,Real,False,4.21129584312439,0.5673661109484304,0.8643417735120829,0.09378232613158714,0.392484996787229,0.9188553473628226
walmart,P-5334,post,Difficult Fake,Fake,True,4.857645988464356,0.5162666455693107,0.9612347424909798,0.014021884647266366,0.1134020911408364,0.9764078639981598
bestbuy,P-5335,pre,Real,Real,True,2.003080129623413,0.541578858999112,0.8423175908079896,0.13087608746491272,0.3140118366184083,0.8791099211051372
macys,P-5335,pre,Fake,Fake,True,3.8013758659362793,0.538417858578497,0.9057703520819028,0.006236204807042833,0.2791750789128578,0.9624897985121845
macys,P-5335,pre,Fake,Fake,True,2.89461088180542,0.538417858578497,0.9057703520819028,0.006236204807042833,0.2791750789128578,0.9624897985121845
apple,P-5335,pre,Difficult Fake,Fake,True,2.234946250915528,0.5363093857917739,0.8989634547247899,0.0265051156862389,0.2940935696003628,0.9256754031557038
skype,P-5335,pre,Difficult Fake,Real,False,2.409494400024414,0.5140145001012953,0.9655889042896336,0.0312757651350272,0.08690081148767005,0.9722925194928504
wellsfargo,P-5335,pre,Real,Real,True,2.5589284896850586,0.5492560496276766,0.19612107178083335,0.6586137082568101,0.8719596288923929,0.47032978958066995
ups,P-5335,pre,Real,Real,True,3.101857900619507,0.5400905355549765,0.8988608488871557,0.010973611864746532,0.2873788995367653,0.9631487819312383
linkedin,P-5335,pre,Real,Real,True,2.842489957809448,0.5138002403902081,0.9080207263550593,0.0180569902349888,0.16471096476187982,0.9644122802089047
twitter,P-5335,pre,Real,Real,True,2.680947542190552,0.6205761703983936,0.9533377254730103,0.33718341810424374,0.21466516678850123,0.9771183712278191
amazon,P-5335,pre,Real,Real,True,1.5954179763793943,0.5134186655220626,0.922052795023912,0.0032455432234421,0.14639001915511643,0.9819863046857796
ups,P-5335,pre,Fake,Fake,True,2.6799428462982178,0.5400905355549765,0.8988608488871557,0.010973611864746532,0.2873788995367653,0.9631487819312383
twitter,P-5335,pre,Real,Real,True,1.812416076660156,0.6205761703983936,0.9533377254730103,0.33718341810424374,0.21466516678850123,0.9771183712278191
linkedin,P-5335,pre,Real,Real,True,1.7127819061279297,0.5138002403902081,0.9080207263550593,0.0180569902349888,0.16471096476187982,0.9644122802089047
paypal,P-5335,pre,Fake,Fake,True,2.5320820808410645,0.5031309753907608,0.9902418481681048,0.015572687487858498,0.0220813819720949,0.9846279839349852
twitter,P-5335,pre,Real,Real,True,2.830044984817505,0.6205761703983936,0.9533377254730103,0.33718341810424374,0.21466516678850123,0.9771183712278191
twitter,P-5335,pre,Difficult Fake,Real,False,1.72218656539917,0.6205761703983936,0.9533377254730103,0.33718341810424374,0.21466516678850123,0.9771183712278191
wellsfargo,P-5335,pre,Difficult Fake,Fake,True,3.255282402038574,0.5492560496276766,0.19612107178083335,0.6586137082568101,0.8719596288923929,0.47032978958066995
hotels,P-5335,pre,Real,Real,True,2.2982046604156494,0.5024701207678938,0.9419203233432675,0.016601037671892766,0.05584613820718964,0.9955129838492254
wellsfargo,P-5335,pre,Fake,Fake,True,3.374626874923706,0.5492560496276766,0.19612107178083335,0.6586137082568101,0.8719596288923929,0.47032978958066995
bestbuy,P-5335,pre,Difficult Fake,Fake,True,3.5406816005706787,0.541578858999112,0.8423175908079896,0.13087608746491272,0.3140118366184083,0.8791099211051372
americanexpress,P-5335,post,Real,Fake,False,2.439899206161499,0.5673661109484304,0.8643417735120829,0.09378232613158714,0.392484996787229,0.9188553473628226
twitter,P-5335,post,Fake,Fake,True,5.109451532363892,0.6205761703983936,0.9533377254730103,0.33718341810424374,0.21466516678850123,0.9771183712278191
americanexpress,P-5335,post,Real,Fake,False,2.856290817260742,0.5673661109484304,0.8643417735120829,0.09378232613158714,0.392484996787229,0.9188553473628226
instagram,P-5335,post,Fake,Fake,True,2.374863147735596,0.5242839895497001,0.916035982244601,0.0064927530142710995,0.19680130861652698,0.9778059143234014
dropbox,P-5335,post,Real,Fake,False,3.4119648933410645,0.570963645453162,0.9322445823156901,0.028693096387216333,0.3863434840710916,0.9365734190386502
paypal,P-5335,post,Real,Fake,False,1.7479305267333984,0.5031309753907608,0.9902418481681048,0.015572687487858498,0.0220813819720949,0.9846279839349852
bestbuy,P-5335,post,Fake,Fake,True,2.573302745819092,0.541578858999112,0.8423175908079896,0.13087608746491272,0.3140118366184083,0.8791099211051372
macys,P-5335,post,Difficult Fake,Real,False,2.077847719192505,0.538417858578497,0.9057703520819028,0.006236204807042833,0.2791750789128578,0.9624897985121845
amazon,P-5335,post,Fake,Real,False,1.80298113822937,0.5134186655220626,0.922052795023912,0.0032455432234421,0.14639001915511643,0.9819863046857796
walmart,P-5335,post,Difficult Fake,Real,False,1.8358418941497805,0.5162666455693107,0.9612347424909798,0.014021884647266366,0.1134020911408364,0.9764078639981598
ebay,P-5335,post,Difficult Fake,Real,False,2.186999082565308,0.5330837499596305,0.9005510596100494,0.03266517762789,0.24716270666302664,0.9519560559375563
dropbox,P-5335,post,Real,Fake,False,2.8375895023345947,0.570963645453162,0.9322445823156901,0.028693096387216333,0.3863434840710916,0.9365734190386502
apple,P-5335,post,Real,Fake,False,3.50972056388855,0.5363093857917739,0.8989634547247899,0.0265051156862389,0.2940935696003628,0.9256754031557038
chase,P-5335,post,Fake,Real,False,1.9118318557739256,0.7040938715745643,0.8729460616033241,0.824960984883746,0.7016732815980432,0.41679515821314306
macys,P-5335,post,Real,Real,True,1.0543365478515625,0.538417858578497,0.9057703520819028,0.006236204807042833,0.2791750789128578,0.9624897985121845
linkedin,P-5335,post,Fake,Real,False,1.7870371341705322,0.5138002403902081,0.9080207263550593,0.0180569902349888,0.16471096476187982,0.9644122802089047
dropbox,P-5335,post,Fake,Real,False,3.887469291687012,0.570963645453162,0.9322445823156901,0.028693096387216333,0.3863434840710916,0.9365734190386502
paypal,P-5336,pre,Fake,Fake,True,3.6178925037384033,0.5031309753907608,0.9902418481681048,0.015572687487858498,0.0220813819720949,0.9846279839349852
wellsfargo,P-5336,pre,Real,Real,True,2.8109631538391118,0.5492560496276766,0.19612107178083335,0.6586137082568101,0.8719596288923929,0.47032978958066995
amazon,P-5336,pre,Fake,Fake,True,2.693040370941162,0.5134186655220626,0.922052795023912,0.0032455432234421,0.14639001915511643,0.9819863046857796
facebook,P-5336,pre,Fake,Real,False,2.4909560680389404,0.49908667713322474,0.8633932028907103,0.024936751984340335,0.14521536388043557,0.9628013897774131
apple,P-5336,pre,Fake,Fake,True,2.3815159797668457,0.5363093857917739,0.8989634547247899,0.0265051156862389,0.2940935696003628,0.9256754031557038
ebay,P-5336,pre,Real,Real,True,3.5159542560577397,0.5330837499596305,0.9005510596100494,0.03266517762789,0.24716270666302664,0.9519560559375563
apple,P-5336,pre,Difficult Fake,Fake,True,1.9120912551879885,0.5363093857917739,0.8989634547247899,0.0265051156862389,0.2940935696003628,0.9256754031557038
ups,P-5336,pre,Fake,Fake,True,2.121349334716797,0.5400905355549765,0.8988608488871557,0.010973611864746532,0.2873788995367653,0.9631487819312383
apple,P-5336,pre,Real,Real,True,2.6083340644836426,0.5363093857917739,0.8989634547247899,0.0265051156862389,0.2940935696003628,0.9256754031557038
instagram,P-5336,pre,Difficult Fake,Fake,True,2.49446439743042,0.5242839895497001,0.916035982244601,0.0064927530142710995,0.19680130861652698,0.9778059143234014
skype,P-5336,pre,Fake,Real,False,1.658468246459961,0.5140145001012953,0.9655889042896336,0.0312757651350272,0.08690081148767005,0.9722925194928504
paypal,P-5336,pre,Difficult Fake,Fake,True,1.9108436107635496,0.5031309753907608,0.9902418481681048,0.015572687487858498,0.0220813819720949,0.9846279839349852
hotels,P-5336,pre,Difficult Fake,Fake,True,3.6539406776428223,0.5024701207678938,0.9419203233432675,0.016601037671892766,0.05584613820718964,0.9955129838492254
netflix,P-5336,pre,Real,Real,True,4.283867359161377,0.5130550606137206,0.47926146220162313,0.9971096238993677,0.5711566253327873,0.004692531021104333
hotels,P-5336,pre,Fake,Fake,True,3.607889175415039,0.5024701207678938,0.9419203233432675,0.016601037671892766,0.05584613820718964,0.9955129838492254
chase,P-5336,pre,Fake,Fake,True,3.5257761478424072,0.7040938715745643,0.8729460616033241,0.824960984883746,0.7016732815980432,0.41679515821314306
paypal,P-5336,pre,Difficult Fake,Fake,True,2.2791335582733154,0.5031309753907608,0.9902418481681048,0.015572687487858498,0.0220813819720949,0.9846279839349852
wellsfargo,P-5336,pre,Difficult Fake,Fake,True,3.213027000427246,0.5492560496276766,0.19612107178083335,0.6586137082568101,0.8719596288923929,0.47032978958066995
facebook,P-5336,pre,Real,Real,True,1.9101028442382808,0.49908667713322474,0.8633932028907103,0.024936751984340335,0.14521536388043557,0.9628013897774131
ups,P-5336,post,Difficult Fake,Real,False,3.442030191421509,0.5400905355549765,0.8988608488871557,0.010973611864746532,0.2873788995367653,0.9631487819312383
twitter,P-5336,post,Fake,Fake,True,4.338776111602783,0.6205761703983936,0.9533377254730103,0.33718341810424374,0.21466516678850123,0.9771183712278191
americanexpress,P-5336,post,Difficult Fake,Real,False,4.04421329498291,0.5673661109484304,0.8643417735120829,0.09378232613158714,0.392484996787229,0.9188553473628226
walmart,P-5336,post,Real,Real,True,2.061586618423462,0.5162666455693107,0.9612347424909798,0.014021884647266366,0.1134020911408364,0.9764078639981598
hotels,P-5336,post,Real,Real,True,3.632422924041748,0.5024701207678938,0.9419203233432675,0.016601037671892766,0.05584613820718964,0.9955129838492254
instagram,P-5336,post,Real,Real,True,2.731431007385254,0.5242839895497001,0.916035982244601,0.0064927530142710995,0.19680130861652698,0.9778059143234014
dropbox,P-5336,post,Fake,Real,False,3.687657117843628,0.570963645453162,0.9322445823156901,0.028693096387216333,0.3863434840710916,0.9365734190386502
hotels,P-5336,post,Real,Fake,False,4.01192569732666,0.5024701207678938,0.9419203233432675,0.016601037671892766,0.05584613820718964,0.9955129838492254
chase,P-5336,post,Difficult Fake,Real,False,2.2764878273010254,0.7040938715745643,0.8729460616033241,0.824960984883746,0.7016732815980432,0.41679515821314306
bestbuy,P-5336,post,Fake,Fake,True,1.7826852798461914,0.541578858999112,0.8423175908079896,0.13087608746491272,0.3140118366184083,0.8791099211051372
facebook,P-5336,post,Difficult Fake,Real,False,1.1032369136810305,0.49908667713322474,0.8633932028907103,0.024936751984340335,0.14521536388043557,0.9628013897774131
twitter,P-5336,post,Real,Fake,False,3.959858894348145,0.6205761703983936,0.9533377254730103,0.33718341810424374,0.21466516678850123,0.9771183712278191
amazon,P-5336,post,Difficult Fake,Real,False,1.860278844833374,0.5134186655220626,0.922052795023912,0.0032455432234421,0.14639001915511643,0.9819863046857796
americanexpress,P-5336,post,Real,Fake,False,3.1667792797088623,0.5673661109484304,0.8643417735120829,0.09378232613158714,0.392484996787229,0.9188553473628226
americanexpress,P-5336,post,Difficult Fake,Fake,True,2.5710575580596924,0.5673661109484304,0.8643417735120829,0.09378232613158714,0.392484996787229,0.9188553473628226
ups,P-5336,post,Real,Fake,False,4.006872892379761,0.5400905355549765,0.8988608488871557,0.010973611864746532,0.2873788995367653,0.9631487819312383
amazon,P-5336,post,Real,Real,True,3.032159805297852,0.5134186655220626,0.922052795023912,0.0032455432234421,0.14639001915511643,0.9819863046857796
bestbuy,P-5336,post,Real,Fake,False,3.410757780075073,0.541578858999112,0.8423175908079896,0.13087608746491272,0.3140118366184083,0.8791099211051372
facebook,P-5337,pre,Real,Real,True,2.020800828933716,0.49908667713322474,0.8633932028907103,0.024936751984340335,0.14521536388043557,0.9628013897774131
dropbox,P-5337,pre,Fake,Fake,True,4.592984437942505,0.570963645453162,0.9322445823156901,0.028693096387216333,0.3863434840710916,0.9365734190386502
macys,P-5337,pre,Fake,Fake,True,4.3624584674835205,0.538417858578497,0.9057703520819028,0.006236204807042833,0.2791750789128578,0.9624897985121845
chase,P-5337,pre,Difficult Fake,Fake,True,4.0419087409973145,0.7040938715745643,0.8729460616033241,0.824960984883746,0.7016732815980432,0.41679515821314306
wellsfargo,P-5337,pre,Difficult Fake,Fake,True,4.764350891113281,0.5492560496276766,0.19612107178083335,0.6586137082568101,0.8719596288923929,0.47032978958066995
walmart,P-5337,pre,Difficult Fake,Fake,True,3.0705151557922363,0.5162666455693107,0.9612347424909798,0.014021884647266366,0.1134020911408364,0.9764078639981598
dropbox,P-5337,pre,Real,Real,True,2.0002901554107666,0.570963645453162,0.9322445823156901,0.028693096387216333,0.3863434840710916,0.9365734190386502
skype,P-5337,pre,Real,Real,True,3.643270492553711,0.5140145001012953,0.9655889042896336,0.0312757651350272,0.08690081148767005,0.9722925194928504
chase,P-5337,pre,Fake,Fake,True,3.167759895324707,0.7040938715745643,0.8729460616033241,0.824960984883746,0.7016732815980432,0.41679515821314306
netflix,P-5337,pre,Difficult Fake,Fake,True,4.371601104736328,0.5130550606137206,0.47926146220162313,0.9971096238993677,0.5711566253327873,0.004692531021104333
netflix,P-5337,pre,Real,Real,True,3.5352020263671875,0.5130550606137206,0.47926146220162313,0.9971096238993677,0.5711566253327873,0.004692531021104333
chase,P-5337,pre,Fake,Fake,True,2.737160444259644,0.7040938715745643,0.8729460616033241,0.824960984883746,0.7016732815980432,0.41679515821314306
twitter,P-5337,pre,Fake,Real,False,2.8423960208892822,0.6205761703983936,0.9533377254730103,0.33718341810424374,0.21466516678850123,0.9771183712278191
wellsfargo,P-5337,pre,Real,Real,True,2.829758644104004,0.5492560496276766,0.19612107178083335,0.6586137082568101,0.8719596288923929,0.47032978958066995
dropbox,P-5337,pre,Real,Real,True,1.9777390956878664,0.570963645453162,0.9322445823156901,0.028693096387216333,0.3863434840710916,0.9365734190386502
walmart,P-5337,pre,Difficult Fake,Fake,True,3.469073534011841,0.5162666455693107,0.9612347424909798,0.014021884647266366,0.1134020911408364,0.9764078639981598
instagram,P-5337,pre,Fake,Fake,True,4.258808851242065,0.5242839895497001,0.916035982244601,0.0064927530142710995,0.19680130861652698,0.9778059143234014
apple,P-5337,pre,Difficult Fake,Fake,True,4.786627292633057,0.5363093857917739,0.8989634547247899,0.0265051156862389,0.2940935696003628,0.9256754031557038
twitter,P-5337,pre,Real,Real,True,2.3152551651000977,0.6205761703983936,0.9533377254730103,0.33718341810424374,0.21466516678850123,0.9771183712278191
linkedin,P-5337,post,Fake,Real,False,2.906336784362793,0.5138002403902081,0.9080207263550593,0.0180569902349888,0.16471096476187982,0.9644122802089047
paypal,P-5337,post,Fake,Real,False,1.8711051940917969,0.5031309753907608,0.9902418481681048,0.015572687487858498,0.0220813819720949,0.9846279839349852
hotels,P-5337,post,Fake,Real,False,1.7296383380889893,0.5024701207678938,0.9419203233432675,0.016601037671892766,0.05584613820718964,0.9955129838492254
facebook,P-5337,post,Fake,Real,False,2.9100492000579834,0.49908667713322474,0.8633932028907103,0.024936751984340335,0.14521536388043557,0.9628013897774131
ebay,P-5337,post,Difficult Fake,Real,False,2.88222336769104,0.5330837499596305,0.9005510596100494,0.03266517762789,0.24716270666302664,0.9519560559375563
ups,P-5337,post,Fake,Real,False,2.043980836868286,0.5400905355549765,0.8988608488871557,0.010973611864746532,0.2873788995367653,0.9631487819312383
ups,P-5337,post,Fake,Fake,True,1.766632318496704,0.5400905355549765,0.8988608488871557,0.010973611864746532,0.2873788995367653,0.9631487819312383
ebay,P-5337,post,Real,Real,True,1.760718822479248,0.5330837499596305,0.9005510596100494,0.03266517762789,0.24716270666302664,0.9519560559375563
twitter,P-5337,post,Difficult Fake,Fake,True,3.0080654621124268,0.6205761703983936,0.9533377254730103,0.33718341810424374,0.21466516678850123,0.9771183712278191
apple,P-5337,post,Real,Real,True,1.0114989280700684,0.5363093857917739,0.8989634547247899,0.0265051156862389,0.2940935696003628,0.9256754031557038
amazon,P-5337,post,Difficult Fake,Real,False,2.0167925357818604,0.5134186655220626,0.922052795023912,0.0032455432234421,0.14639001915511643,0.9819863046857796
facebook,P-5337,post,Fake,Fake,True,3.520045280456543,0.49908667713322474,0.8633932028907103,0.024936751984340335,0.14521536388043557,0.9628013897774131
wellsfargo,P-5337,post,Fake,Real,False,2.676206111907959,0.5492560496276766,0.19612107178083335,0.6586137082568101,0.8719596288923929,0.47032978958066995
skype,P-5337,post,Fake,Real,False,2.064732551574707,0.5140145001012953,0.9655889042896336,0.0312757651350272,0.08690081148767005,0.9722925194928504
apple,P-5337,post,Real,Fake,False,2.3961822986602783,0.5363093857917739,0.8989634547247899,0.0265051156862389,0.2940935696003628,0.9256754031557038
instagram,P-5337,post,Real,Real,True,1.919978380203247,0.5242839895497001,0.916035982244601,0.0064927530142710995,0.19680130861652698,0.9778059143234014
linkedin,P-5337,post,Difficult Fake,Real,False,1.6777498722076416,0.5138002403902081,0.9080207263550593,0.0180569902349888,0.16471096476187982,0.9644122802089047
facebook,P-5337,post,Fake,Real,False,3.3839006423950195,0.49908667713322474,0.8633932028907103,0.024936751984340335,0.14521536388043557,0.9628013897774131
